Bank identifier;BIC;Bank
0500;DNBANOKK;DNB Bank ASA
0519;DNBANOKK;DNB Bank ASA 
0520;DNBANOKK;DNB Bank ASA 
0521;DNBANOKK;DNB Bank ASA 
0522;DNBANOKK;DNB Bank ASA 
0525;DNBANOKK;DNB Bank ASA 
0529;DNBANOKK;DNB Bank ASA 
0530;DNBANOKK;DNB Bank ASA 
0531;DNBANOKK;DNB Bank ASA 
0532;DNBANOKK;DNB Bank ASA 
0533;DNBANOKK;DNB Bank ASA 
0534;DNBANOKK;DNB Bank ASA 
0535;DNBANOKK;DNB Bank ASA 
0536;DNBANOKK;DNB Bank ASA 
0537;DNBANOKK;DNB Bank ASA 
0538;DNBANOKK;DNB Bank ASA 
0539;DNBANOKK;DNB Bank ASA 
0540;DNBANOKK;DNB Bank ASA 
0542;DNBANOKK;DNB Bank ASA 
0543;DNBANOKK;DNB Bank ASA 
0544;DNBANOKK;DNB Bank ASA 
0545;DNBANOKK;DNB Bank ASA 
0546;DNBANOKK;DNB Bank ASA 
0547;DNBANOKK;DNB Bank ASA 
0570;DNBANOKK;DNB Bank ASA 
0571;DNBANOKK;DNB Bank ASA 
0573;DNBANOKK;DNB Bank ASA 
0574;DNBANOKK;DNB Bank ASA 
0576;DNBANOKK;DNB Bank ASA 
0577;DNBANOKK;DNB Bank ASA 
0578;DNBANOKK;DNB Bank ASA 
0579;DNBANOKK;DNB Bank ASA 
0582;DNBANOKK;DNB Bank ASA 
1000;DNBANOKK;DNB Bank ASA 
1010;DNBANOKK;DNB Bank ASA 
1014;DNBANOKK;DNB Bank ASA 
1020;EIDSNO21;Eidsberg Sparebank
1029;EIDSNO21;Eidsberg Sparebank
1030;RYGSNO21;Sparebank1 Østfold Akershus
1040;DNBANOKK;DNB Bank ASA 
1050;MASPNO21;Marker Sparebank
1051;MASPNO21;Marker Sparebank
1061;DNBANOKK;DNB Bank ASA 
1064;DNBANOKK;DNB Bank ASA 
1070;DNBANOKK;DNB Bank ASA 
1080;RYGSNO21;Sparebank1 Østfold Akershus
1081;RYGSNO21;Sparebank1 Østfold Akershus
1082;RYGSNO21;Sparebank1 Østfold Akershus
1083;RYGSNO21;Sparebank1 Østfold Akershus
1085;RYGSNO21;Sparebank1 Østfold Akershus
1090;DNBANOKK;DNB Bank ASA 
1097;DNBANOKK;DNB Bank ASA 
1100;ASKSNO21;Askim og Spydeberg Sparebank
1101;ASKSNO21;Askim og Spydeberg Sparebank
1105;BRGPNO21;Berg Sparebank
1111;DNBANOKK;DNB Bank ASA 
1121;DNBANOKK;DNB Bank ASA 
1135;ASKSNO21;Askim og Spydeberg Sparebank
1139;ASKSNO21;Askim og Spydeberg Sparebank
1140;TRSPNO21;Trøgstad Sparebank
1145;DNBANOKK;DNB Bank ASA 
1150;DNBANOKK;DNB Bank ASA 
1160;DNBANOKK;DNB Bank ASA 
1200;DNBANOKK;DNB Bank ASA 
1201;DNBANOKK;DNB Bank ASA
1202;DNBANOKK;DNB Bank ASA
1203;DNBANOKK;DNB Bank ASA
1204;DNBANOKK;DNB Bank ASA
1206;DNBANOKK;DNB Bank ASA 
1207;DNBANOKK;DNB Bank ASA
1208;DNBANOKK;DNB Bank ASA
1210;DNBANOKK;DNB Bank ASA 
1211;DNBANOKK;DNB Bank ASA 
1212;DNBANOKK;DNB Bank ASA 
1213;DNBANOKK;DNB Bank ASA 
1214;DNBANOKK;DNB Bank ASA 
1221;DNBANOKK;DNB Bank ASA 
1224;DNBANOKK;DNB Bank ASA
1225;DNBANOKK;DNB Bank ASA
1226;DNBANOKK;DNB Bank ASA
1227;DNBANOKK;DNB Bank ASA
1228;DNBANOKK;DNB Bank ASA
1229;DNBANOKK;DNB Bank ASA
1230;DNBANOKK;DNB Bank ASA 
1231;DNBANOKK;DNB Bank ASA 
1233;DNBANOKK;DNB Bank ASA
1234;DNBANOKK;DNB Bank ASA
1235;DNBANOKK;DNB Bank ASA
1240;DNBANOKK;DNB Bank ASA 
1250;DNBANOKK;DNB Bank ASA 
1251;DNBANOKK;DNB Bank ASA
1254;CULTNOK1;Cultura Sparebank
1260;DNBANOKK;DNB Bank ASA
1261;DNBANOKK;DNB Bank ASA
1262;DNBANOKK;DNB Bank ASA
1269;LISTNO21;Romerike Sparebank
1271;AUSNNO21;Aurskog Sparebank
1275;DNBANOKK;DNB Bank ASA
1280;HOLLNO21;Høland og Setskog Sparebank
1286;LISTNO21;Romerike Sparebank
1295;DNBANOKK;DNB Bank ASA 
1310;STMMNO21;Strømmen Sparebank
1315;DNBANOKK;DNB Bank ASA
1321;LISTNO21;Romerike Sparebank
1335;DNBANOKK;DNB Bank ASA
1338;HOLLNO21;Høland og Setskog Sparebank
1430;SWEDNOKK;Swedbank Norge
1431;SWEDNOKK;Swedbank Oslo
1440;JERNNO21;Jernbanepersonalets sparebank
1450;TELENO21;Oslofjord Sparebank
1500;DNBANOKK;DNB Bank ASA
1501;DNBANOKK;DNB Bank ASA
1502;DNBANOKK;DNB Bank ASA
1503;DNBANOKK;DNB Bank ASA
1504;DNBANOKK;DNB Bank ASA
1505;DNBANOKK;DNB Bank ASA
1506;DNBANOKK;DNB Bank ASA
1507;DNBANOKK;DNB Bank ASA
1508;DNBANOKK;DNB Bank ASA
1509;DNBANOKK;DNB Bank ASA
1514;DNBANOKK;DNB Bank ASA
1515;DNBANOKK;DNB Bank ASA
1516;DNBANOKK;DNB Bank ASA
1517;DNBANOKK;DNB Bank ASA
1518;DNBANOKK;DNB Bank ASA
1519;DNBANOKK;DNB Bank ASA
1520;DNBANOKK;DNB Bank ASA
1521;DNBANOKK;DNB Bank ASA
1528;DNBANOKK;DNB Bank ASA
1532;DNBANOKK;DNB Bank ASA
1537;DNBANOKK;DNB Bank ASA
1542;DNBANOKK;DNB Bank ASA
1550;DNBANOKK;DNB Bank ASA
1551;DNBANOKK;DNB Bank ASA
1552;DNBANOKK;DNB Bank ASA
1554;DNBANOKK;DNB Bank ASA
1559;DNBANOKK;DNB Bank ASA
1560;DNBANOKK;DNB Bank ASA
1563;DNBANOKK;DNB Bank ASA
1564;DNBANOKK;DNB Bank ASA
1565;DNBANOKK;DNB Bank ASA
1566;DNBANOKK;DNB Bank ASA
1567;DNBANOKK;DNB Bank ASA
1568;DNBANOKK;DNB Bank ASA
1578;DNBANOKK;DNB Bank ASA
1580;DNBANOKK;DNB Bank ASA
1582;DNBANOKK;DNB Bank ASA
1586;DNBANOKK;DNB Bank ASA
1587;DNBANOKK;DNB Bank ASA
1588;DNBANOKK;DNB Bank ASA
1590;DNBANOKK;DNB Bank ASA
1591;DNBANOKK;DNB Bank ASA
1593;DNBANOKK;DNB Bank ASA
1594;DNBANOKK;DNB Bank ASA
1595;DNBANOKK;DNB Bank ASA
1600;DNBANOKK;DNB Bank ASA
1601;DNBANOKK;DNB Bank ASA
1602;DNBANOKK;DNB Bank ASA
1603;DNBANOKK;DNB Bank ASA
1604;DNBANOKK;DNB Bank ASA
1605;DNBANOKK;DNB Bank ASA
1606;DNBANOKK;DNB Bank ASA
1607;DNBANOKK;DNB Bank ASA
1609;DNBANOKK;DNB Bank ASA
1612;DNBANOKK;DNB Bank ASA
1613;DNBANOKK;DNB Bank ASA
1614;DNBANOKK;DNB Bank ASA
1615;DNBANOKK;DNB Bank ASA
1617;DNBANOKK;DNB Bank ASA
1619;DNBANOKK;DNB Bank ASA
1620;DNBANOKK;DNB Bank ASA
1621;DNBANOKK;DNB Bank ASA
1622;DNBANOKK;DNB Bank ASA
1623;DNBANOKK;DNB Bank ASA
1624;DNBANOKK;DNB Bank ASA
1626;DNBANOKK;DNB Bank ASA
1627;DNBANOKK;DNB Bank ASA
1628;DNBANOKK;DNB Bank ASA
1629;DNBANOKK;DNB Bank ASA
1632;DNBANOKK;DNB Bank ASA
1633;DNBANOKK;DNB Bank ASA
1636;DNBANOKK;DNB Bank ASA
1637;DNBANOKK;DNB Bank ASA
1638;DNBANOKK;DNB Bank ASA
1640;DNBANOKK;DNB Bank ASA
1641;DNBANOKK;DNB Bank ASA
1643;DNBANOKK;DNB Bank ASA
1644;DNBANOKK;DNB Bank ASA
1645;DNBANOKK;DNB Bank ASA
1654;DNBANOKK;DNB Bank ASA
1660;DNBANOKK;DNB Bank ASA
1674;DNBANOKK;DNB Bank ASA
1683;DNBANOKK;DNB Bank ASA
1684;DNBANOKK;DNB Bank ASA
1697;DNBANOKK;DNB Bank ASA
1698;DNBANOKK;DNB Bank ASA
1700;DNBANOKK;DNB Bank ASA
1720;BIENNOK1;Bien Sparebank ASA
1730;DNBANOKK;DNB Bank ASA
1800;SHEDNO22;SpareBank 1 Østlandet
1801;SHEDNO22;SpareBank 1 Østlandet
1802;SHEDNO22;SpareBank 1 Østlandet
1803;SHEDNO22;SpareBank 1 Østlandet
1810;SHEDNO22;SpareBank 1 Østlandet
1813;SHEDNO22;SpareBank 1 Østlandet
1815;SHEDNO22;SpareBank 1 Østlandet
1819;SHEDNO22;SpareBank 1 Østlandet
1820;SHEDNO22;SpareBank 1 Østlandet
1822;SHEDNO22;SpareBank 1 Østlandet
1829;SHEDNO22;SpareBank 1 Østlandet
1830;GRUENO21;Grue Sparebank
1840;SHEDNO22;SpareBank 1 Østlandet
1850;SHEDNO22;SpareBank 1 Østlandet
1865;SHEDNO22;SpareBank 1 Østlandet
1868;SHEDNO22;SpareBank 1 Østlandet
1870;ODASNO21;Odal Sparebank
1871;ODASNO21;Odal Sparebank
1875;DNBANOKK;DNB Bank ASA
1885;TOSPNO21;Tolga-Os Sparebank
1886;TOSPNO21;Tolga-Os Sparebank
1890;SHEDNO22;SpareBank 1 Østlandet
1895;SHEDNO22;SpareBank 1 Østlandet
1904;SHEDNO22;SpareBank 1 Østlandet
1913;SHEDNO22;SpareBank 1 Østlandet
1917;SHEDNO22;SpareBank 1 Østlandet
2000;DNBANOKK;DNB Bank ASA
2002;DNBANOKK;DNB Bank ASA
2003;DNBANOKK;DNB Bank ASA
2005;DNBANOKK;DNB Bank ASA
2010;DNBANOKK;DNB Bank ASA
2020;RIRINO21;Sparebank 1 Ringerike Hadeland
2030;RIRINO21;Sparebank 1 Ringerike Hadeland
2050;TOTENO21;SpareBank 1 Østlandet
2051;TOTENO21;SpareBank 1 Østlandet
2065;DNBANOKK;DNB Bank ASA
2070;DNBANOKK;DNB Bank ASA
2073;DNBANOKK;DNB Bank ASA
2075;DNBANOKK;DNB Bank ASA
2081;DNBANOKK;DNB Bank ASA
2085;LOSKNO21;Sparebank 1 Lom og Sjåk
2090;DNBANOKK;DNB Bank ASA
2095;SGFSNO21;Sparebank 1 Gudbrandsdal
2100;DNBANOKK;DNB Bank ASA
2105;DNBANOKK;DNB Bank ASA
2120;DNBANOKK;DNB Bank ASA
2125;SGFSNO21;Sparebank 1 Gudbrandsdal
2135;HAALNO21;Sparebank 1 Hallingdal Valdres
2140;ETSPNO21;Etnedal Sparebank
2146;VESLNO21;Valdres Sparebank
2153;VESLNO21;Valdres Sparebank
2154;VESLNO21;Valdres Sparebank
2200;DNBANOKK;DNB Bank ASA
2201;DNBANOKK;DNB Bank ASA
2207;DNBANOKK;DNB Bank ASA
2212;DNBANOKK;DNB Bank ASA
2220;SAOENO22;Sparebanken Øst
2221;SAOENO22;Sparebanken Øst
2222;SAOENO22;Sparebanken Øst
2223;SAOENO22;Sparebanken Øst
2230;NEPRNO21;Skue Sparebank
2240;DNBANOKK;DNB Bank ASA
2241;DNBANOKK;DNB Bank ASA
2245;DNBANOKK;DNB Bank ASA
2250;DNBANOKK;DNB Bank ASA
2260;DNBANOKK;DNB Bank ASA
2261;DNBANOKK;DNB Bank ASA
2270;VEFONO21;SpareBank 1 Sør-Norge ASA
2280;RIRINO21;Sparebank 1 Ringerike Hadeland
2281;RIRINO21;Sparebank 1 Ringerike Hadeland
2291;VEFONO21;SpareBank 1 Sør-Norge ASA
2300;DNBANOKK;DNB Bank ASA
2310;SAOENO22;Sparebanken Øst
2318;SAOENO22;Sparebanken Øst
2319;SAOENO22;Sparebanken Øst
2320;HAALNO21;Sparebank 1 Hallingdal Valdres
2322;HAALNO21;Sparebank 1 Hallingdal Valdres
2324;HAALNO21;Sparebank 1 Hallingdal Valdres
2325;HAALNO21;Sparebank 1 Hallingdal Valdres
2329;HAALNO21;Sparebank 1 Hallingdal Valdres
2333;NEPRNO21;Skue Sparebank
2335;DNBANOKK;DNB Bank ASA
2345;SAOENO22;Sparebanken Øst
2346;SAOENO22;Sparebanken Øst
2351;NEPRNO21;Skue Sparebank
2352;NEPRNO21;Skue Sparebank
2356;DNBANOKK;DNB Bank ASA
2361;DNBANOKK;DNB Bank ASA
2364;DNBANOKK;DNB Bank ASA
2367;HAALNO21;Sparebank 1 Hallingdal Valdres
2372;DNBANOKK;DNB Bank ASA
2375;DNBANOKK;DNB Bank ASA
2378;DNBANOKK;DNB Bank ASA
2400;DNBANOKK;DNB Bank ASA
2401;DNBANOKK;DNB Bank ASA
2410;DNBANOKK;DNB Bank ASA
2420;DNBANOKK;DNB Bank ASA
2440;DNBANOKK;DNB Bank ASA
2442;DNBANOKK;DNB Bank ASA
2448;DNBANOKK;DNB Bank ASA
2450;DNBANOKK;DNB Bank ASA
2460;DNBANOKK;DNB Bank ASA
2467;DNBANOKK;DNB Bank ASA
2470;VEFONO21;SpareBank 1 Sør-Norge ASA
2475;VEFONO21;SpareBank 1 Sør-Norge ASA
2480;VEFONO21;SpareBank 1 Sør-Norge ASA
2481;VEFONO21;SpareBank 1 Sør-Norge ASA
2489;VEFONO21;SpareBank 1 Sør-Norge ASA
2490;DNBANOKK;DNB Bank ASA
2500;BLSPNO21;Skagerrak Sparebank
2503;BLSPNO21;Skagerrak Sparebank
2505;VEFONO21;SpareBank 1 Sør-Norge ASA
2510;BLSPNO21;Skagerrak Sparebank
2515;DNBANOKK;DNB Bank ASA
2520;DNBANOKK;DNB Bank ASA
2525;DNBANOKK;DNB Bank ASA
2530;DNBANOKK;DNB Bank ASA
2535;DNBANOKK;DNB Bank ASA
2540;VEFONO21;SpareBank 1 Sør-Norge ASA
2544;VEFONO21;SpareBank 1 Sør-Norge ASA
2545;DNBANOKK;DNB Bank ASA
2551;VEFONO21;SpareBank 1 Sør-Norge ASA
2557;DNBANOKK;DNB Bank ASA
2560;DNBANOKK;DNB Bank ASA
2563;DNBANOKK;DNB Bank ASA 
2582;DNBANOKK;DNB Bank ASA
2601;BLSPNO21;Skagerrak Sparebank
2606;BLSPNO21;Skagerrak Sparebank
2610;VEFONO21;SpareBank 1 Sør-Norge ASA
2620;TINNNO21;Tinn Sparebank
2621;TINNNO21;Tinn Sparebank
2630;BSPANO21;Sparebanken DIN
2632;BSPANO21;Sparebanken DIN
2635;DRANNO21;Drangedal Sparebank
2639;DRANNO21;Drangedal Sparebank
2646;DNBANOKK;DNB Bank ASA
2650;VEFONO21;SpareBank 1 Sør-Norge ASA
2655;BLSPNO21;Skagerrak Sparebank
2656;BLSPNO21;Skagerrak Sparebank
2660;SPSONO22;Sparebanken Sør
2665;VEFONO21;SpareBank 1 Sør-Norge ASA
2670;VEFONO21;SpareBank 1 Sør-Norge ASA
2675;DNBANOKK;DNB Bank ASA
2680;DNBANOKK;DNB Bank ASA
2685;DNBANOKK;DNB Bank ASA
2694;SPSONO22;Sparebanken Sør
2699;HJARNO21;Skue Sparebank
2704;SPSONO22;Sparebanken Sør
2705;SPSONO22;Sparebanken Sør
2708;SPSONO22;Sparebanken Sør
2711;BSPANO21;Sparebanken DIN
2714;SPSONO22;Sparebanken Sør
2717;DNBANOKK;DNB Bank ASA
2800;SPSONO22;Sparebanken Sør
2801;SPSONO22;Sparebanken Sør
2803;SPSONO22;Sparebanken Sør
2809;SPSONO22;Sparebanken Sør
2811;SPSONO22;Sparebanken Sør
2818;SPSONO22;Sparebanken Sør
2819;SPSONO22;Sparebanken Sør 
2821;SPSONO22;Sparebanken Sør
2826;SPSONO22;Sparebanken Sør
2835;SPSONO22;Sparebanken Sør
2840;SPSONO22;Sparebanken Sør
2850;LILLNO21;Lillesands Sparebank
2860;SPSONO22;Sparebanken Sør 
2880;BISNNO21;Birkenes Sparebank
2881;BISNNO21;Birkenes Sparebank
2890;VSPANO21;Valle Sparebank
2895;GJSPNO21;Agder Sparebank
2898;SPSONO22;Sparebanken Sør
2901;EVJENO21;Evje og Hornnes Sparebank
2902;EVJENO21;Evje og Hornnes Sparebank
2904;SPSONO22;Sparebanken Sør
2907;GJSPNO21;Agder Sparebank
2908;GJSPNO21;Agder Sparebank
2913;SPSONO22;Sparebanken Sør
2920;SPSONO22;Sparebanken Sør
2926;SPSONO22;Sparebanken Sør
2938;GJSPNO21;Agder Sparebank
2949;SPSONO22;Sparebanken Sør
3000;SPSONO22;Sparebanken Sør
3001;SPSONO22;Sparebanken Sør
3006;SPSONO22;Sparebanken Sør
3023;SPSONO22;Sparebanken Sør
3030;FLEKNO21;Flekkefjord Sparebank
3040;SPSONO22;Sparebanken Sør
3050;SPSONO22;Sparebanken Sør
3060;SPSKNO21;Spareskillingsbanken
3070;SPSONO22;Sparebanken Sør
3075;SPSONO22;Sparebanken Sør
3080;KVIDNO21;Kvinesdal Sparebank
3085;SPSONO22;Sparebanken Sør
3090;SOGSNO21;Søgne og Greipstad Sparebank
3095;SPSONO22;Sparebanken Sør
3100;SPSONO22;Sparebanken Sør
3108;SPSONO22;Sparebanken Sør
3111;KVIDNO21;Kvinesdal Sparebank
3114;SPSONO22;Sparebanken Sør
3117;KVIDNO21;Kvinesdal Sparebank
3123;SPSONO22;Sparebanken Sør
3126;SPRONO22;SpareBank 1 Sør-Norge ASA
3129;SPSONO22;Sparebanken Sør
3132;SPRONO22;SpareBank 1 Sør-Norge ASA
3138;SPSONO22;Sparebanken Sør
3141;SPSONO22;Sparebanken Sør
3144;SPSONO22;Sparebanken Sør
3148;SPSONO22;Sparebanken Sør
3180;SPRONO22;SpareBank 1 Sør-Norge ASA
3185;SPRONO22;SpareBank 1 Sør-Norge ASA
3201;SPRONO22;SpareBank 1 Sør-Norge ASA
3202;SPRONO22;SpareBank 1 Sør-Norge ASA
3204;SPRONO22;SpareBank 1 Sør-Norge ASA
3205;SPRONO22;SpareBank 1 Sør-Norge ASA
3206;SPRONO22;SpareBank 1 Sør-Norge ASA
3207;SPRONO22;SpareBank 1 Sør-Norge ASA
3208;SPRONO22;SpareBank 1 Sør-Norge ASA
3209;SPRONO22;SpareBank 1 Sør-Norge ASA
3210;SPRONO22;SpareBank 1 Sør-Norge ASA
3211;SPRONO22;SpareBank 1 Sør-Norge ASA
3212;SPRONO22;SpareBank 1 Sør-Norge ASA
3213;SPRONO22;SpareBank 1 Sør-Norge ASA
3223;SPRONO22;SpareBank 1 Sør-Norge ASA
3224;SPRONO22;SpareBank 1 Sør-Norge ASA
3230;SPRONO22;SpareBank 1 Sør-Norge ASA
3240;HAUGNO21;Haugesund Sparebank
3241;HAUGNO21;Haugesund Sparebank
3242;HAUGNO21;Haugesund Sparebank
3243;HAUGNO21;Haugesund Sparebank
3244;HAUGNO21;Haugesund Sparebank
3247;HAUGNO21;Haugesund Sparebank
3250;SPRONO22;SpareBank 1 Sør-Norge ASA
3260;SASKNO22;Rogaland Sparebank
3261;SASKNO22;Rogaland Sparebank
3264;SASKNO22;Rogaland Sparebank
3265;SASKNO22;Rogaland Sparebank
3268;SASKNO22;Rogaland Sparebank
3270;SPRONO22;SpareBank 1 Sør-Norge ASA
3280;SPRONO22;SpareBank 1 Sør-Norge ASA
3290;KLEPNO21;Jæren Sparebank
3295;SPRONO22;SpareBank 1 Sør-Norge ASA
3305;SPAVNOBB;Sparebanken Vest
3310;SPRONO22;SpareBank 1 Sør-Norge ASA
3315;SPRONO22;SpareBank 1 Sør-Norge ASA
3325;KLEPNO21;Jæren Sparebank
3330;SPRONO22;SpareBank 1 Sør-Norge ASA
3332;SPRONO22;SpareBank 1 Sør-Norge ASA
3333;SPRONO22;SpareBank 1 Sør-Norge ASA
3335;SPRONO22;SpareBank 1 Sør-Norge ASA
3340;SPRONO22;SpareBank 1 Sør-Norge ASA
3344;SPRONO22;SpareBank 1 Sør-Norge ASA
3347;SPRONO22;SpareBank 1 Sør-Norge ASA
3350;SPRONO22;SpareBank 1 Sør-Norge ASA
3353;SASKNO22;Rogaland Sparebank
3361;SKAANO21;Skudenes & Aakra Sparebank
3364;SPRONO22;SpareBank 1 Sør-Norge ASA
3373;SPRONO22;SpareBank 1 Sør-Norge ASA
3409;FANANOB1;Fana Sparebank
3411;FANANOB1;Fana Sparebank
3412;FANANOB1;Fana Sparebank
3413;FANANOB1;Fana Sparebank
3414;FANANOB1;Fana Sparebank
3415;FANANOB1;Fana Sparebank
3416;FANANOB1;Fana Sparebank
3417;FANANOB1;Fana Sparebank
3418;FANANOB1;Fana Sparebank
3419;FANANOB1;Fana Sparebank
3420;SPAVNOBB;Sparebanken Vest
3450;SPAVNOBB;Sparebanken Vest
3460;SPRONO22;SpareBank 1 Sør-Norge ASA
3470;SPAVNOBB;Sparebanken Vest
3480;VOSKNO21;Voss Sparebank
3485;VOSKNO21;Voss Sparebank
3490;SPAVNOBB;Sparebanken Vest
3492;SPAVNOBB;Sparebanken Vest
3495;SPAVNOBB;Sparebanken Vest
3500;SPAVNOBB;Sparebanken Vest
3506;SPAVNOBB;Sparebanken Vest
3520;SPAVNOBB;Sparebanken Vest
3525;TYSSNO21;Tysnes Sparebank
3529;TYSSNO21;Tysnes Sparebank
3530;SPAVNOBB;Sparebanken Vest
3535;SPRONO22;SpareBank 1 Sør-Norge ASA
3540;SPAVNOBB;Sparebanken Vest
3546;SPAVNOBB;Sparebanken Vest
3562;SPAVNOBB;Sparebanken Vest
3565;SPAVNOBB;Sparebanken Vest
3569;SPAVNOBB;Sparebanken Vest
3578;VOSKNO21;Voss Sparebank
3602;SPAVNOBB;Sparebanken Vest
3604;SPAVNOBB;Sparebanken Vest
3605;SPAVNOBB;Sparebanken Vest
3606;SPAVNOBB;Sparebanken Vest
3607;SPAVNOBB;Sparebanken Vest
3608;SPAVNOBB;Sparebanken Vest
3609;SPAVNOBB;Sparebanken Vest
3610;SPAVNOBB;Sparebanken Vest
3611;SPAVNOBB;Sparebanken Vest
3612;SPAVNOBB;Sparebanken Vest
3613;SPAVNOBB;Sparebanken Vest
3615;SPAVNOBB;Sparebanken Vest
3616;SPAVNOBB;Sparebanken Vest
3621;SPAVNOBB;Sparebanken Vest
3622;SPAVNOBB;Sparebanken Vest
3623;SPAVNOBB;Sparebanken Vest
3624;SPAVNOBB;Sparebanken Vest
3625;SPAVNOBB;Sparebanken Vest
3626;SPAVNOBB;Sparebanken Vest
3628;SPAVNOBB;Sparebanken Vest
3630;SPAVNOBB;Sparebanken Vest
3631;SPAVNOBB;Sparebanken Vest
3632;SPAVNOBB;Sparebanken Vest
3633;SPAVNOBB;Sparebanken Vest
3635;SPAVNOBB;Sparebanken Vest
3636;SPAVNOBB;Sparebanken Vest
3637;SPAVNOBB;Sparebanken Vest
3638;SPAVNOBB;Sparebanken Vest
3640;SPAVNOBB;Sparebanken Vest
3642;SPAVNOBB;Sparebanken Vest
3643;SPAVNOBB;Sparebanken Vest
3645;SPAVNOBB;Sparebanken Vest
3646;SPAVNOBB;Sparebanken Vest
3647;SPAVNOBB;Sparebanken Vest
3649;SPAVNOBB;Sparebanken Vest
3650;SPAVNOBB;Sparebanken Vest
3652;SPAVNOBB;Sparebanken Vest
3658;SPAVNOBB;Sparebanken Vest
3670;SPAVNOBB;Sparebanken Vest
3700;SOFJNO22;SpareBank 1 Sogn og Fjordane
3703;SOFJNO22;SpareBank 1 Sogn og Fjordane
3704;SOFJNO22;SpareBank 1 Sogn og Fjordane
3705;SOFJNO22;SpareBank 1 Sogn og Fjordane
3706;SOFJNO22;SpareBank 1 Sogn og Fjordane
3707;SOFJNO22;SpareBank 1 Sogn og Fjordane
3708;SOFJNO22;SpareBank 1 Sogn og Fjordane
3709;SOFJNO22;SpareBank 1 Sogn og Fjordane
3710;SOFJNO22;SpareBank 1 Sogn og Fjordane
3720;SPAVNOBB;Sparebanken Vest
3730;IDRENO21;Sogn Sparebank
3739;IDRENO21;Sogn Sparebank
3740;SOFJNO22;SpareBank 1 Sogn og Fjordane
3741;SOFJNO22;SpareBank 1 Sogn og Fjordane
3745;IDRENO21;Sogn Sparebank
3760;SOFJNO22;SpareBank 1 Sogn og Fjordane
3770;SOFJNO22;SpareBank 1 Sogn og Fjordane
3775;SOFJNO22;SpareBank 1 Sogn og Fjordane
3776;SOFJNO22;SpareBank 1 Sogn og Fjordane
3781;SOFJNO22;SpareBank 1 Sogn og Fjordane
3785;LUSKNO21;Luster Sparebank
3790;SPAVNOBB;Sparebanken Vest
3795;SOFJNO22;SpareBank 1 Sogn og Fjordane
3800;IDRENO21;Sogn Sparebank
3805;SOFJNO22;SpareBank 1 Sogn og Fjordane
3816;SPAVNOBB;Sparebanken Vest
3817;SOFJNO22;SpareBank 1 Sogn og Fjordane
3820;SOFJNO22;SpareBank 1 Sogn og Fjordane
3829;SOFJNO22;SpareBank 1 Sogn og Fjordane
3832;SOFJNO22;SpareBank 1 Sogn og Fjordane
3835;SOFJNO22;SpareBank 1 Sogn og Fjordane
3836;SOFJNO22;SpareBank 1 Sogn og Fjordane
3837;SOFJNO22;SpareBank 1 Sogn og Fjordane
3838;IDRENO21;Sogn Sparebank
3841;SOFJNO22;SpareBank 1 Sogn og Fjordane
3845;SPAVNOBB;Sparebanken Vest
3847;SOFJNO22;SpareBank 1 Sogn og Fjordane
3848;SOFJNO22;SpareBank 1 Sogn og Fjordane
3853;SPAVNOBB;Sparebanken Vest
3855;SPAVNOBB;Sparebanken Vest
3880;SOFJNO22;SpareBank 1 Sogn og Fjordane
3890;SOFJNO22;SpareBank 1 Sogn og Fjordane
3900;SPARNO22;Sparebanken Møre
3901;SPARNO22;Sparebanken Møre 
3902;SPARNO22;Sparebanken Møre 
3904;SPARNO22;Sparebanken Møre 
3905;SPARNO22;Sparebanken Møre 
3906;SPARNO22;Sparebanken Møre 
3907;SPARNO22;Sparebanken Møre
3909;SPARNO22;Sparebanken Møre 
3910;SPARNO22;Sparebanken Møre
3920;NORVNO21;SpareBank 1 Nordmøre 
3930;NORVNO21;SpareBank 1 Nordmøre 
3931;NORVNO21;SpareBank 1 Nordmøre 
3932;NORVNO21;SpareBank 1 Nordmøre 
3933;NORVNO21;SpareBank 1 Nordmøre 
3935;NORVNO21;SpareBank 1 Nordmøre 
3936;NORVNO21;SpareBank 1 Nordmøre 
3938;NORVNO21;SpareBank 1 Nordmøre 
3941;NORVNO21;SpareBank 1 Nordmøre 
3943;NORVNO21;SpareBank 1 Nordmøre 
3960;SPARNO22;Sparebanken Møre 
3963;SPARNO22;Sparebanken Møre 
3969;SPARNO22;Sparebanken Møre 
3971;SPARNO22;Sparebanken Møre 
3972;SPARNO22;Sparebanken Møre 
3974;SPARNO22;Sparebanken Møre 
3980;SPARNO22;Sparebanken Møre 
3991;SPTRNO22;SpareBank 1 SMN
3992;SPTRNO22;SpareBank 1 SMN
3993;SPTRNO22;SpareBank 1 SMN
3994;SPTRNO22;SpareBank 1 SMN
3995;SPTRNO22;SpareBank 1 SMN
3997;SPTRNO22;SpareBank 1 SMN
3998;SPTRNO22;SpareBank 1 SMN
4005;SPARNO22;Sparebanken Møre 
4006;SPARNO22;Sparebanken Møre 
4020;SPARNO22;Sparebanken Møre 
4025;NORVNO21;SpareBank 1 Nordmøre 
4030;SPARNO22;Sparebanken Møre 
4035;SUSANO21;Sunndal Sparebank
4040;NORVNO21;SpareBank 1 Nordmøre 
4045;SPARNO22;Sparebanken Møre 
4050;SPARNO22;Sparebanken Møre
4056;SPARNO22;Sparebanken Møre 
4060;ORKONO21;Ørskog Sparebank
4065;SPARNO22;Sparebanken Møre 
4068;SPTRNO22;SpareBank 1 SMN
4075;BFHSNO21;Romsdal Sparebank
4087;SPARNO22;Sparebanken Møre 
4090;NORVNO21;SpareBank 1 Nordmøre 
4093;SPARNO22;Sparebanken Møre 
4100;BFHSNO21;Romsdal Sparebank
4106;BFHSNO21;Romsdal Sparebank
4108;SPARNO22;Sparebanken Møre 
4111;RINDNO21;Rindal Sparebank
4120;SPARNO22;Sparebanken Møre 
4130;NORVNO21;SpareBank 1 Nordmøre 
4137;SPARNO22;Sparebanken Møre 
4168;SPTRNO22;SpareBank 1 SMN
4200;SPTRNO22;SpareBank 1 SMN
4201;SPTRNO22;SpareBank 1 SMN
4202;SPTRNO22;SpareBank 1 SMN
4208;SPTRNO22;SpareBank 1 SMN
4212;SPTRNO22;SpareBank 1 SMN
4213;SPTRNO22;SpareBank 1 SMN
4214;SPTRNO22;SpareBank 1 SMN
4215;SPTRNO22;SpareBank 1 SMN
4218;SPTRNO22;SpareBank 1 SMN
4219;SPTRNO22;SpareBank 1 SMN
4223;SPTRNO22;SpareBank 1 SMN
4224;SPTRNO22;SpareBank 1 SMN
4227;SPTRNO22;SpareBank 1 SMN
4230;MELHNO21;Melhus Sparebank
4240;SPTRNO22;SpareBank 1 SMN
4241;SPTRNO22;SpareBank 1 SMN
4242;SPTRNO22;SpareBank 1 SMN
4243;SPTRNO22;SpareBank 1 SMN
4244;SPTRNO22;SpareBank 1 SMN
4245;SPTRNO22;SpareBank 1 SMN
4250;SPTRNO22;SpareBank 1 SMN
4260;OKDLNO21;Orkla Sparebank
4261;OKDLNO21;Orkla Sparebank
4266;OPPDNO21;Oppdalsbanken
4270;OKDLNO21;Orkla Sparebank
4280;RORBNO21;RørosBanken
4281;RORBNO21;RørosBanken
4285;SELSNO21;Selbu Sparebank
4290;ORLANO21;Ørland Sparebank
4291;ORLANO21;Ørland Sparebank
4295;BJUGNO21;Bjugn Sparebank
4312;HEMNNO21;Trøndelag Sparebank
4313;HEMNNO21;Trøndelag Sparebank
4319;SPTRNO22;SpareBank 1 SMN
4333;SOKNNO21;Soknedal Sparebank
4336;STADNO21;Stadsbygd Sparebank
4342;SPTRNO22;SpareBank 1 SMN
4345;HEMNNO21;Trøndelag Sparebank
4349;SPTRNO22;SpareBank 1 SMN
4352;SPTRNO22;SpareBank 1 SMN
4355;HALTNO21;Haltdalen Sparebank
4356;HALTNO21;Haltdalen Sparebank
4358;KLBUNO21;Nidaros Sparebank
4360;SPTRNO22;SpareBank 1 SMN
4361;SPTRNO22;SpareBank 1 SMN
4400;SPTRNO22;SpareBank 1 SMN
4401;SPTRNO22;SpareBank 1 SMN
4409;SPTRNO22;SpareBank 1 SMN 
4410;SPTRNO22;SpareBank 1 SMN
4415;SPTRNO22;SpareBank 1 SMN
4420;SPTRNO22;SpareBank 1 SMN
4421;SPTRNO22;SpareBank 1 SMN
4422;SPTRNO22;SpareBank 1 SMN
4425;SPTRNO22;SpareBank 1 SMN
4435;SPTRNO22;SpareBank 1 SMN
4440;SPTRNO22;SpareBank 1 SMN 
4448;GRONNO21;Grong Sparebank
4449;GRONNO21;Grong Sparebank
4451;SPTRNO22;SpareBank 1 SMN
4459;SPTRNO22;SpareBank 1 SMN
4464;SPTRNO22;SpareBank 1 SMN
4465;HESPNOB1;Hegra Sparebank
4466;SPTRNO22;SpareBank 1 SMN
4467;SPTRNO22;SpareBank 1 SMN
4468;SPTRNO22;SpareBank 1 SMN
4469;HESPNOB1;Hegra Sparebank
4470;SPTRNO22;SpareBank 1 SMN
4471;SPTRNO22;SpareBank 1 SMN
4472;SPTRNO22;SpareBank 1 SMN
4473;SPTRNO22;SpareBank 1 SMN
4474;SPTRNO22;SpareBank 1 SMN
4476;SPTRNO22;SpareBank 1 SMN
4480;SPTRNO22;SpareBank 1 SMN
4481;GRONNO21;Grong Sparebank
4482;SPTRNO22;SpareBank 1 SMN
4484;AASANO21;Aasen Sparebank
4500;SNOWNO22;SpareBank 1 Nord-Norge
4509;SNOWNO22;SpareBank 1 Nord-Norge
4510;HELGNO21;SpareBank1 Helgeland
4512;HELGNO21;SpareBank1 Helgeland
4513;HELGNO21;SpareBank1 Helgeland
4514;HELGNO21;SpareBank1 Helgeland
4515;HELGNO21;SpareBank1 Helgeland
4516;HELGNO21;SpareBank1 Helgeland
4517;HELGNO21;SpareBank1 Helgeland
4520;NARVNO21;Sparebanken Narvik
4530;HELGNO21;SpareBank1 Helgeland
4531;HELGNO21;SpareBank1 Helgeland
4532;HELGNO21;SpareBank1 Helgeland
4533;HELGNO21;SpareBank1 Helgeland
4534;HELGNO21;SpareBank1 Helgeland
4535;HELGNO21;SpareBank1 Helgeland
4536;HELGNO21;SpareBank1 Helgeland
4540;SNOWNO22;SpareBank 1 Nord-Norge
4545;NARVNO21;Sparebanken Narvik
4550;SNOWNO22;SpareBank 1 Nord-Norge
4555;SNOWNO22;SpareBank 1 Nord-Norge
4560;SNOWNO22;SpareBank 1 Nord-Norge
4570;SNOWNO22;SpareBank 1 Nord-Norge
4580;SNOWNO22;SpareBank 1 Nord-Norge
4585;SNOWNO22;SpareBank 1 Nord-Norge
4589;HASBNO21;Sparebank 68 grader Nord
4599;SNOWNO22;SpareBank 1 Nord-Norge
4602;SNOWNO22;SpareBank 1 Nord-Norge
4605;HASBNO21;Sparebank 68 grader Nord
4607;HASBNO21;Sparebank 68 grader Nord
4609;GILDNO21;Gildeskål Sparebank
4612;SNOWNO22;SpareBank 1 Nord-Norge
4618;SNOWNO22;SpareBank 1 Nord-Norge
4621;SNOWNO22;SpareBank 1 Nord-Norge
4625;SNOWNO22;SpareBank 1 Nord-Norge
4628;SNOWNO22;SpareBank 1 Nord-Norge
4631;SNOWNO22;SpareBank 1 Nord-Norge
4634;SNOWNO22;SpareBank 1 Nord-Norge
4638;SNOWNO22;SpareBank 1 Nord-Norge
4642;NARVNO21;Sparebanken Narvik
4648;SNOWNO22;SpareBank 1 Nord-Norge
4651;SPTRNO22;SpareBank 1 SMN
4657;SNOWNO22;SpareBank 1 Nord-Norge
4658;HASBNO21;Sparebank 68 grader Nord
4662;SNOWNO22;SpareBank 1 Nord-Norge
4700;SNOWNO22;SpareBank 1 Nord-Norge
4701;SNOWNO22;SpareBank 1 Nord-Norge 
4705;SNOWNO22;SpareBank 1 Nord-Norge
4706;SNOWNO22;SpareBank 1 Nord-Norge
4708;SNOWNO22;SpareBank 1 Nord-Norge
4710;SNOWNO22;SpareBank 1 Nord-Norge
4713;SNOWNO22;SpareBank 1 Nord-Norge
4715;SNOWNO22;SpareBank 1 Nord-Norge
4729;SNOWNO22;SpareBank 1 Nord-Norge
4730;HASBNO21;Sparebank 68 grader Nord
4731;HASBNO21;Sparebank 68 grader Nord
4740;SNOWNO22;SpareBank 1 Nord-Norge
4747;SNOWNO22;SpareBank 1 Nord-Norge
4750;SNOWNO22;SpareBank 1 Nord-Norge
4754;SNOWNO22;SpareBank 1 Nord-Norge
4757;SNOWNO22;SpareBank 1 Nord-Norge
4760;SNOWNO22;SpareBank 1 Nord-Norge
4762;SNOWNO22;SpareBank 1 Nord-Norge
4770;SNOWNO22;SpareBank 1 Nord-Norge
4776;SNOWNO22;SpareBank 1 Nord-Norge
4778;SNOWNO22;SpareBank 1 Nord-Norge
4780;SNOWNO22;SpareBank 1 Nord-Norge
4782;SNOWNO22;SpareBank 1 Nord-Norge
4785;SNOWNO22;SpareBank 1 Nord-Norge
4786;SNOWNO22;SpareBank 1 Nord-Norge
4787;SNOWNO22;SpareBank 1 Nord-Norge
4790;SNOWNO22;SpareBank 1 Nord-Norge
4796;SNOWNO22;SpareBank 1 Nord-Norge
4799;SNOWNO22;SpareBank 1 Nord-Norge
4803;SNOWNO22;SpareBank 1 Nord-Norge
4808;SNOWNO22;SpareBank 1 Nord-Norge
4811;SNOWNO22;SpareBank 1 Nord-Norge
4901;SNOWNO22;SpareBank 1 Nord-Norge
4910;SNOWNO22;SpareBank 1 Nord-Norge
4911;SNOWNO22;SpareBank 1 Nord-Norge
4912;SNOWNO22;SpareBank 1 Nord-Norge
4920;SNOWNO22;SpareBank 1 Nord-Norge
4930;SNOWNO22;SpareBank 1 Nord-Norge
4932;SNOWNO22;SpareBank 1 Nord-Norge
4933;SNOWNO22;SpareBank 1 Nord-Norge
4935;SNOWNO22;SpareBank 1 Nord-Norge
4940;SNOWNO22;SpareBank 1 Nord-Norge
4944;SNOWNO22;SpareBank 1 Nord-Norge
4950;SNOWNO22;SpareBank 1 Nord-Norge
4955;SNOWNO22;SpareBank 1 Nord-Norge
4956;SNOWNO22;SpareBank 1 Nord-Norge
4957;SNOWNO22;SpareBank 1 Nord-Norge
4958;SNOWNO22;SpareBank 1 Nord-Norge
4960;SNOWNO22;SpareBank 1 Nord-Norge
4961;SNOWNO22;SpareBank 1 Nord-Norge
4963;SNOWNO22;SpareBank 1 Nord-Norge
4965;SNOWNO22;SpareBank 1 Nord-Norge
5000;DNBANOKK;DNB Bank ASA
5001;DNBANOKK;DNB Bank ASA
5002;DNBANOKK;DNB Bank ASA
5003;DNBANOKK;DNB Bank ASA
5004;DNBANOKK;DNB Bank ASA
5005;DNBANOKK;DNB Bank ASA
5006;DNBANOKK;DNB Bank ASA
5007;DNBANOKK;DNB Bank ASA
5008;DNBANOKK;DNB Bank ASA
5009;DNBANOKK;DNB Bank ASA
5010;DNBANOKK;DNB Bank ASA
5011;DNBANOKK;DNB Bank ASA 
5012;DNBANOKK;DNB Bank ASA
5014;DNBANOKK;DNB Bank ASA
5015;DNBANOKK;DNB Bank ASA
5016;DNBANOKK;DNB Bank ASA
5017;DNBANOKK;DNB Bank ASA
5018;DNBANOKK;DNB Bank ASA
5019;DNBANOKK;DNB Bank ASA
5020;DNBANOKK;DNB Bank ASA
5021;DNBANOKK;DNB Bank ASA
5022;DNBANOKK;DNB Bank ASA
5023;DNBANOKK;DNB Bank ASA 
5024;DNBANOKK;DNB Bank ASA 
5026;DNBANOKK;DNB Bank ASA 
5028;DNBANOKK;DNB Bank ASA 
5029;DNBANOKK;DNB Bank ASA 
5031;DNBANOKK;DNB Bank ASA 
5032;DNBANOKK;DNB Bank ASA 
5033;DNBANOKK;DNB Bank ASA 
5034;DNBANOKK;DNB Bank ASA 
5035;DNBANOKK;DNB Bank ASA 
5036;DNBANOKK;DNB Bank ASA 
5037;DNBANOKK;DNB Bank ASA 
5038;DNBANOKK;DNB Bank ASA 
5039;DNBANOKK;DNB Bank ASA 
5040;DNBANOKK;DNB Bank ASA 
5041;DNBANOKK;DNB Bank ASA 
5042;DNBANOKK;DNB Bank ASA 
5043;DNBANOKK;DNB Bank ASA 
5045;DNBANOKK;DNB Bank ASA 
5046;DNBANOKK;DNB Bank ASA 
5047;DNBANOKK;DNB Bank ASA 
5048;DNBANOKK;DNB Bank ASA 
5049;DNBANOKK;DNB Bank ASA 
5050;DNBANOKK;DNB Bank ASA 
5051;DNBANOKK;DNB Bank ASA 
5052;DNBANOKK;DNB Bank ASA 
5053;DNBANOKK;DNB Bank ASA 
5054;DNBANOKK;DNB Bank ASA 
5055;DNBANOKK;DNB Bank ASA 
5056;DNBANOKK;DNB Bank ASA 
5057;DNBANOKK;DNB Bank ASA 
5059;DNBANOKK;DNB Bank ASA 
5060;DNBANOKK;DNB Bank ASA 
5062;DNBANOKK;DNB Bank ASA 
5063;DNBANOKK;DNB Bank ASA 
5064;DNBANOKK;DNB Bank ASA 
5065;DNBANOKK;DNB Bank ASA 
5066;DNBANOKK;DNB Bank ASA 
5067;DNBANOKK;DNB Bank ASA 
5068;DNBANOKK;DNB Bank ASA 
5070;DNBANOKK;DNB Bank ASA 
5071;DNBANOKK;DNB Bank ASA 
5072;DNBANOKK;DNB Bank ASA 
5073;DNBANOKK;DNB Bank ASA 
5074;DNBANOKK;DNB Bank ASA 
5076;DNBANOKK;DNB Bank ASA 
5077;DNBANOKK;DNB Bank ASA 
5078;DNBANOKK;DNB Bank ASA 
5079;DNBANOKK;DNB Bank ASA
5080;DNBANOKK;DNB Bank ASA 
5081;DNBANOKK;DNB Bank ASA 
5082;DNBANOKK;DNB Bank ASA 
5083;DNBANOKK;DNB Bank ASA 
5084;DNBANOKK;DNB Bank ASA 
5085;DNBANOKK;DNB Bank ASA 
5086;DNBANOKK;DNB Bank ASA 
5087;DNBANOKK;DNB Bank ASA 
5088;DNBANOKK;DNB Bank ASA 
5090;DNBANOKK;DNB Bank ASA 
5091;DNBANOKK;DNB Bank ASA 
5093;DNBANOKK;DNB Bank ASA 
5094;DNBANOKK;DNB Bank ASA 
5095;DNBANOKK;DNB Bank ASA 
5096;DNBANOKK;DNB Bank ASA 
5097;DNBANOKK;DNB Bank ASA
5098;DNBANOKK;DNB Bank ASA
5100;DNBANOKK;DNB Bank ASA
5101;DNBANOKK;DNB Bank ASA
5102;DNBANOKK;DNB Bank ASA
5103;DNBANOKK;DNB Bank ASA
5104;DNBANOKK;DNB Bank ASA
5105;DNBANOKK;DNB Bank ASA
5106;DNBANOKK;DNB Bank ASA
5107;DNBANOKK;DNB Bank ASA
5109;DNBANOKK;DNB Bank ASA
5110;DNBANOKK;DNB Bank ASA
5112;DNBANOKK;DNB Bank ASA
5113;DNBANOKK;DNB Bank ASA
5114;DNBANOKK;DNB Bank ASA
5115;DNBANOKK;DNB Bank ASA
5116;DNBANOKK;DNB Bank ASA
5117;DNBANOKK;DNB Bank ASA
5118;DNBANOKK;DNB Bank ASA
5119;DNBANOKK;DNB Bank ASA
5120;DNBANOKK;DNB Bank ASA
5121;DNBANOKK;DNB Bank ASA
5122;DNBANOKK;DNB Bank ASA
5123;DNBANOKK;DNB Bank ASA
5124;DNBANOKK;DNB Bank ASA
5126;DNBANOKK;DNB Bank ASA
5127;DNBANOKK;DNB Bank ASA
5128;DNBANOKK;DNB Bank ASA
5129;DNBANOKK;DNB Bank ASA
5130;DNBANOKK;DNB Bank ASA
5131;DNBANOKK;DNB Bank ASA
5132;DNBANOKK;DNB Bank ASA
5133;DNBANOKK;DNB Bank ASA
5134;DNBANOKK;DNB Bank ASA
5135;DNBANOKK;DNB Bank ASA
5136;DNBANOKK;DNB Bank ASA
5137;DNBANOKK;DNB Bank ASA
5138;DNBANOKK;DNB Bank ASA
5140;DNBANOKK;DNB Bank ASA
5141;DNBANOKK;DNB Bank ASA
5143;DNBANOKK;DNB Bank ASA
5144;DNBANOKK;DNB Bank ASA
5145;DNBANOKK;DNB Bank ASA
5146;DNBANOKK;DNB Bank ASA
5147;DNBANOKK;DNB Bank ASA
5148;DNBANOKK;DNB Bank ASA
5149;DNBANOKK;DNB Bank ASA
5150;DNBANOKK;DNB Bank ASA
5151;DNBANOKK;DNB Bank ASA
5152;DNBANOKK;DNB Bank ASA
5153;DNBANOKK;DNB Bank ASA
5154;DNBANOKK;DNB Bank ASA
5155;DNBANOKK;DNB Bank ASA
5157;DNBANOKK;DNB Bank ASA
5158;DNBANOKK;DNB Bank ASA
5159;DNBANOKK;DNB Bank ASA
5160;DNBANOKK;DNB Bank ASA
5161;DNBANOKK;DNB Bank ASA
5162;DNBANOKK;DNB Bank ASA
5163;DNBANOKK;DNB Bank ASA
5164;DNBANOKK;DNB Bank ASA
5165;DNBANOKK;DNB Bank ASA
5166;DNBANOKK;DNB Bank ASA
5167;DNBANOKK;DNB Bank ASA
5168;DNBANOKK;DNB Bank ASA
5169;DNBANOKK;DNB Bank ASA
5170;DNBANOKK;DNB Bank ASA
5171;DNBANOKK;DNB Bank ASA
5172;DNBANOKK;DNB Bank ASA
5174;DNBANOKK;DNB Bank ASA
5175;DNBANOKK;DNB Bank ASA
5176;DNBANOKK;DNB Bank ASA
5177;DNBANOKK;DNB Bank ASA
5178;DNBANOKK;DNB Bank ASA
5179;DNBANOKK;DNB Bank ASA
5181;DNBANOKK;DNB Bank ASA
5182;DNBANOKK;DNB Bank ASA
5183;DNBANOKK;DNB Bank ASA
5184;DNBANOKK;DNB Bank ASA
5185;DNBANOKK;DNB Bank ASA
5188;DNBANOKK;DNB Bank ASA
5189;DNBANOKK;DNB Bank ASA
5191;DNBANOKK;DNB Bank ASA
5192;DNBANOKK;DNB Bank ASA
5193;DNBANOKK;DNB Bank ASA
5194;DNBANOKK;DNB Bank ASA
5195;DNBANOKK;DNB Bank ASA
5196;DNBANOKK;DNB Bank ASA
5197;DNBANOKK;DNB Bank ASA
5198;DNBANOKK;DNB Bank ASA
5199;DNBANOKK;DNB Bank ASA
5200;DNBANOKK;DNB Bank ASA
5201;DNBANOKK;DNB Bank ASA
5202;DNBANOKK;DNB Bank ASA
5203;DNBANOKK;DNB Bank ASA
5204;DNBANOKK;DNB Bank ASA
5205;DNBANOKK;DNB Bank ASA
5206;DNBANOKK;DNB Bank ASA
5207;DNBANOKK;DNB Bank ASA
5208;DNBANOKK;DNB Bank ASA
5209;DNBANOKK;DNB Bank ASA
5210;DNBANOKK;DNB Bank ASA
5211;DNBANOKK;DNB Bank ASA
5212;DNBANOKK;DNB Bank ASA
5213;DNBANOKK;DNB Bank ASA
5214;DNBANOKK;DNB Bank ASA
5215;DNBANOKK;DNB Bank ASA
5216;DNBANOKK;DNB Bank ASA
5217;DNBANOKK;DNB Bank ASA
5218;DNBANOKK;DNB Bank ASA
5219;DNBANOKK;DNB Bank ASA
5220;DNBANOKK;DNB Bank ASA
5221;DNBANOKK;DNB Bank ASA
5222;DNBANOKK;DNB Bank ASA
5224;DNBANOKK;DNB Bank ASA
5225;DNBANOKK;DNB Bank ASA
5226;DNBANOKK;DNB Bank ASA
5227;DNBANOKK;DNB Bank ASA
5228;DNBANOKK;DNB Bank ASA
5229;DNBANOKK;DNB Bank ASA
5230;DNBANOKK;DNB Bank ASA
5231;DNBANOKK;DNB Bank ASA
5232;DNBANOKK;DNB Bank ASA
5233;DNBANOKK;DNB Bank ASA
5234;DNBANOKK;DNB Bank ASA
5235;DNBANOKK;DNB Bank ASA
5236;DNBANOKK;DNB Bank ASA
5238;DNBANOKK;DNB Bank ASA
5239;DNBANOKK;DNB Bank ASA
5241;DNBANOKK;DNB Bank ASA
5242;DNBANOKK;DNB Bank ASA
5243;DNBANOKK;DNB Bank ASA
5244;DNBANOKK;DNB Bank ASA
5245;DNBANOKK;DNB Bank ASA 
5246;DNBANOKK;DNB Bank ASA
5249;DNBANOKK;DNB Bank ASA
5251;DNBANOKK;DNB Bank ASA
5252;DNBANOKK;DNB Bank ASA
5253;DNBANOKK;DNB Bank ASA
5255;DNBANOKK;DNB Bank ASA
5256;DNBANOKK;DNB Bank ASA
5257;DNBANOKK;DNB Bank ASA
5258;DNBANOKK;DNB Bank ASA
5260;DNBANOKK;DNB Bank ASA
5261;DNBANOKK;DNB Bank ASA
5262;DNBANOKK;DNB Bank ASA
5263;DNBANOKK;DNB Bank ASA
5264;DNBANOKK;DNB Bank ASA
5265;DNBANOKK;DNB Bank ASA
5266;DNBANOKK;DNB Bank ASA
5267;DNBANOKK;DNB Bank ASA
5269;DNBANOKK;DNB Bank ASA
5270;DNBANOKK;DNB Bank ASA
5272;DNBANOKK;DNB Bank ASA
5273;DNBANOKK;DNB Bank ASA
5274;DNBANOKK;DNB Bank ASA
5275;DNBANOKK;DNB Bank ASA
5277;DNBANOKK;DNB Bank ASA
5278;DNBANOKK;DNB Bank ASA
5279;DNBANOKK;DNB Bank ASA
5281;DNBANOKK;DNB Bank ASA
5283;DNBANOKK;DNB Bank ASA
5286;DNBANOKK;DNB Bank ASA
5287;DNBANOKK;DNB Bank ASA
5288;DNBANOKK;DNB Bank ASA
5289;DNBANOKK;DNB Bank ASA
5290;DNBANOKK;DNB Bank ASA
5291;DNBANOKK;DNB Bank ASA
5293;DNBANOKK;DNB Bank ASA
5295;DNBANOKK;DNB Bank ASA
5296;DNBANOKK;DNB Bank ASA
5297;DNBANOKK;DNB Bank ASA
5298;DNBANOKK;DNB Bank ASA
5300;DNBANOKK;DNB Bank ASA
5301;DNBANOKK;DNB Bank ASA
5302;DNBANOKK;DNB Bank ASA
5303;DNBANOKK;DNB Bank ASA
5305;DNBANOKK;DNB Bank ASA
5307;DNBANOKK;DNB Bank ASA
5308;DNBANOKK;DNB Bank ASA
5309;DNBANOKK;DNB Bank ASA
5310;DNBANOKK;DNB Bank ASA
5315;DNBANOKK;DNB Bank ASA
5320;DNBANOKK;DNB Bank ASA
5336;DNBANOKK;DNB Bank ASA
5337;DNBANOKK;DNB Bank ASA
5338;DNBANOKK;DNB Bank ASA
5339;DNBANOKK;DNB Bank ASA
5340;DNBANOKK;DNB Bank ASA
5343;DNBANOKK;DNB Bank ASA
5344;DNBANOKK;DNB Bank ASA
5345;DNBANOKK;DNB Bank ASA
5346;DNBANOKK;DNB Bank ASA
5350;DNBANOKK;DNB Bank ASA
5353;DNBANOKK;DNB Bank ASA
5354;DNBANOKK;DNB Bank ASA
5355;DNBANOKK;DNB Bank ASA
5359;DNBANOKK;DNB Bank ASA
5360;DNBANOKK;DNB Bank ASA
5361;DNBANOKK;DNB Bank ASA
5362;DNBANOKK;DNB Bank ASA
5363;DNBANOKK;DNB Bank ASA
5364;DNBANOKK;DNB Bank ASA
5365;DNBANOKK;DNB Bank ASA
5367;DNBANOKK;DNB Bank ASA
5368;DNBANOKK;DNB Bank ASA
5373;DNBANOKK;DNB Bank ASA
5375;DNBANOKK;DNB Bank ASA
5376;DNBANOKK;DNB Bank ASA
5381;DNBANOKK;DNB Bank ASA
5385;DNBANOKK;DNB Bank ASA
5387;DNBANOKK;DNB Bank ASA
5388;DNBANOKK;DNB Bank ASA
5389;DNBANOKK;DNB Bank ASA
5391;DNBANOKK;DNB Bank ASA
5392;DNBANOKK;DNB Bank ASA
5394;DNBANOKK;DNB Bank ASA
5398;DNBANOKK;DNB Bank ASA
5401;DNBANOKK;DNB Bank ASA
5404;DNBANOKK;DNB Bank ASA
5410;DNBANOKK;DNB Bank ASA
5411;DNBANOKK;DNB Bank ASA
5412;DNBANOKK;DNB Bank ASA
5413;DNBANOKK;DNB Bank ASA
5421;DNBANOKK;DNB Bank ASA
5451;DNBANOKK;DNB Bank ASA
5452;DNBANOKK;DNB Bank ASA
5460;DNBANOKK;DNB Bank ASA
5470;DNBANOKK;DNB Bank ASA
5471;DNBANOKK;DNB Bank ASA
5501;DNBANOKK;DNB Bank ASA
5503;DNBANOKK;DNB Bank ASA
5510;DNBANOKK;DNB Bank ASA
5511;DNBANOKK;DNB Bank ASA
5512;DNBANOKK;DNB Bank ASA
5514;DNBANOKK;DNB Bank ASA
5520;DNBANOKK;DNB Bank ASA
5521;DNBANOKK;DNB Bank ASA
5525;DNBANOKK;DNB Bank ASA
5526;DNBANOKK;DNB Bank ASA
5535;DNBANOKK;DNB Bank ASA
5537;DNBANOKK;DNB Bank ASA
5540;DNBANOKK;DNB Bank ASA
5541;DNBANOKK;DNB Bank ASA
5543;DNBANOKK;DNB Bank ASA
5550;DNBANOKK;DNB Bank ASA
5551;DNBANOKK;DNB Bank ASA
5552;DNBANOKK;DNB Bank ASA
5553;DNBANOKK;DNB Bank ASA
5554;DNBANOKK;DNB Bank ASA
5560;DNBANOKK;DNB Bank ASA
5561;DNBANOKK;DNB Bank ASA
5562;DNBANOKK;DNB Bank ASA
5563;DNBANOKK;DNB Bank ASA
5564;DNBANOKK;DNB Bank ASA
5565;DNBANOKK;DNB Bank ASA
5599;DNBANOKK;DNB Bank ASA
5600;DNBANOKK;DNB Bank ASA
5601;DNBANOKK;DNB Bank ASA
5606;DNBANOKK;DNB Bank ASA
5607;DNBANOKK;DNB Bank ASA
5611;DNBANOKK;DNB Bank ASA
5614;DNBANOKK;DNB Bank ASA
5615;DNBANOKK;DNB Bank ASA
5621;DNBANOKK;DNB Bank ASA
5630;DNBANOKK;DNB Bank ASA
5631;DNBANOKK;DNB Bank ASA
5632;DNBANOKK;DNB Bank ASA
5633;DNBANOKK;DNB Bank ASA
5635;DNBANOKK;DNB Bank ASA
5636;DNBANOKK;DNB Bank ASA
5637;DNBANOKK;DNB Bank ASA
5638;DNBANOKK;DNB Bank ASA
5639;DNBANOKK;DNB Bank ASA
5640;DNBANOKK;DNB Bank ASA
5642;DNBANOKK;DNB Bank ASA
5646;DNBANOKK;DNB Bank ASA
5647;DNBANOKK;DNB Bank ASA
5649;DNBANOKK;DNB Bank ASA
5650;DNBANOKK;DNB Bank ASA
5656;DNBANOKK;DNB Bank ASA
5659;DNBANOKK;DNB Bank ASA
5661;DNBANOKK;DNB Bank ASA
5662;DNBANOKK;DNB Bank ASA
5663;DNBANOKK;DNB Bank ASA
5664;DNBANOKK;DNB Bank ASA
5665;DNBANOKK;DNB Bank ASA
5668;DNBANOKK;DNB Bank ASA
5669;DNBANOKK;DNB Bank ASA
5683;DNBANOKK;DNB Bank ASA
5693;DNBANOKK;DNB Bank ASA
5700;DNBANOKK;DNB Bank ASA
5701;DNBANOKK;DNB Bank ASA
5722;DNBANOKK;DNB Bank ASA
5726;DNBANOKK;DNB Bank ASA
5736;DNBANOKK;DNB Bank ASA
5751;DNBANOKK;DNB Bank ASA
5754;DNBANOKK;DNB Bank ASA
5755;DNBANOKK;DNB Bank ASA
5761;DNBANOKK;DNB Bank ASA
5762;DNBANOKK;DNB Bank ASA
5763;DNBANOKK;DNB Bank ASA
5769;DNBANOKK;DNB Bank ASA
5770;DNBANOKK;DNB Bank ASA
5820;DNBANOKK;DNB Bank ASA
5835;DNBANOKK;DNB Bank ASA
5838;DNBANOKK;DNB Bank ASA
5845;DNBANOKK;DNB Bank ASA
5851;DNBANOKK;DNB Bank ASA
5856;DNBANOKK;DNB Bank ASA
5862;DNBANOKK;DNB Bank ASA
5960;DNBANOKK;DNB Bank ASA
6001;NDEANOKK;Nordea Bank Abp, Filial i Norge
6002;NDEANOKK;Nordea Bank Abp, Filial i Norge
6003;NDEANOKK;Nordea Bank Abp, Filial i Norge
6004;NDEANOKK;Nordea Bank Abp, Filial i Norge
6005;NDEANOKK;Nordea Bank Abp, Filial i Norge
6006;NDEANOKK;Nordea Bank Abp, Filial i Norge
6007;NDEANOKK;Nordea Bank Abp, Filial i Norge
6008;NDEANOKK;Nordea Bank Abp, Filial i Norge
6009;NDEANOKK;Nordea Bank Abp, Filial i Norge
6010;NDEANOKK;Nordea Bank Abp, Filial i Norge
6011;NDEANOKK;Nordea Bank Abp, Filial i Norge
6012;NDEANOKK;Nordea Bank Abp, Filial i Norge
6013;NDEANOKK;Nordea Bank Abp, Filial i Norge
6014;NDEANOKK;Nordea Bank Abp, Filial i Norge
6015;NDEANOKK;Nordea Bank Abp, Filial i Norge
6017;NDEANOKK;Nordea Bank Abp, Filial i Norge
6018;NDEANOKK;Nordea Bank Abp, Filial i Norge
6019;NDEANOKK;Nordea Bank Abp, Filial i Norge
6020;NDEANOKK;Nordea Bank Abp, Filial i Norge
6021;NDEANOKK;Nordea Bank Abp, Filial i Norge
6022;NDEANOKK;Nordea Bank Abp, Filial i Norge
6023;NDEANOKK;Nordea Bank Abp, Filial i Norge
6024;NDEANOKK;Nordea Bank Abp, Filial i Norge
6025;NDEANOKK;Nordea Bank Abp, Filial i Norge
6026;NDEANOKK;Nordea Bank Abp, Filial i Norge
6027;NDEANOKK;Nordea Bank Abp, Filial i Norge
6028;NDEANOKK;Nordea Bank Abp, Filial i Norge
6029;NDEANOKK;Nordea Bank Abp, Filial i Norge
6030;NDEANOKK;Nordea Bank Abp, Filial i Norge
6031;NDEANOKK;Nordea Bank Abp, Filial i Norge
6032;NDEANOKK;Nordea Bank Abp, Filial i Norge
6034;NDEANOKK;Nordea Bank Abp, Filial i Norge
6035;NDEANOKK;Nordea Bank Abp, Filial i Norge
6036;NDEANOKK;Nordea Bank Abp, Filial i Norge
6037;NDEANOKK;Nordea Bank Abp, Filial i Norge
6038;NDEANOKK;Nordea Bank Abp, Filial i Norge
6039;NDEANOKK;Nordea Bank Abp, Filial i Norge
6040;NDEANOKK;Nordea Bank Abp, Filial i Norge
6041;NDEANOKK;Nordea Bank Abp, Filial i Norge
6042;NDEANOKK;Nordea Bank Abp, Filial i Norge
6043;NDEANOKK;Nordea Bank Abp, Filial i Norge
6044;NDEANOKK;Nordea Bank Abp, Filial i Norge
6045;NDEANOKK;Nordea Bank Abp, Filial i Norge
6046;NDEANOKK;Nordea Bank Abp, Filial i Norge
6048;NDEANOKK;Nordea Bank Abp, Filial i Norge
6049;NDEANOKK;Nordea Bank Abp, Filial i Norge
6051;NDEANOKK;Nordea Bank Abp, Filial i Norge
6052;NDEANOKK;Nordea Bank Abp, Filial i Norge
6053;NDEANOKK;Nordea Bank Abp, Filial i Norge
6054;NDEANOKK;Nordea Bank Abp, Filial i Norge
6055;NDEANOKK;Nordea Bank Abp, Filial i Norge
6056;NDEANOKK;Nordea Bank Abp, Filial i Norge
6057;NDEANOKK;Nordea Bank Abp, Filial i Norge
6058;NDEANOKK;Nordea Bank Abp, Filial i Norge
6059;NDEANOKK;Nordea Bank Abp, Filial i Norge
6060;NDEANOKK;Nordea Bank Abp, Filial i Norge
6061;NDEANOKK;Nordea Bank Abp, Filial i Norge
6062;NDEANOKK;Nordea Bank Abp, Filial i Norge
6063;NDEANOKK;Nordea Bank Abp, Filial i Norge
6065;NDEANOKK;Nordea Bank Abp, Filial i Norge
6066;NDEANOKK;Nordea Bank Abp, Filial i Norge
6067;NDEANOKK;Nordea Bank Abp, Filial i Norge
6068;NDEANOKK;Nordea Bank Abp, Filial i Norge
6069;NDEANOKK;Nordea Bank Abp, Filial i Norge
6071;NDEANOKK;Nordea Bank Abp, Filial i Norge
6072;NDEANOKK;Nordea Bank Abp, Filial i Norge
6073;NDEANOKK;Nordea Bank Abp, Filial i Norge
6074;NDEANOKK;Nordea Bank Abp, Filial i Norge
6075;NDEANOKK;Nordea Bank Abp, Filial i Norge
6076;NDEANOKK;Nordea Bank Abp, Filial i Norge
6077;NDEANOKK;Nordea Bank Abp, Filial i Norge
6079;NDEANOKK;Nordea Bank Abp, Filial i Norge
6080;NDEANOKK;Nordea Bank Abp, Filial i Norge
6082;NDEANOKK;Nordea Bank Abp, Filial i Norge
6083;NDEANOKK;Nordea Bank Abp, Filial i Norge
6084;NDEANOKK;Nordea Bank Abp, Filial i Norge
6087;NDEANOKK;Nordea Bank Abp, Filial i Norge
6089;NDEANOKK;Nordea Bank Abp, Filial i Norge
6090;NDEANOKK;Nordea Bank Abp, Filial i Norge
6091;NDEANOKK;Nordea Bank Abp, Filial i Norge
6092;NDEANOKK;Nordea Bank Abp, Filial i Norge
6093;NDEANOKK;Nordea Bank Abp, Filial i Norge
6094;NDEANOKK;Nordea Bank Abp, Filial i Norge
6096;NDEANOKK;Nordea Bank Abp, Filial i Norge
6097;NDEANOKK;Nordea Bank Abp, Filial i Norge
6098;NDEANOKK;Nordea Bank Abp, Filial i Norge
6100;NDEANOKK;Nordea Bank Abp, Filial i Norge
6101;NDEANOKK;Nordea Bank Abp, Filial i Norge
6104;NDEANOKK;Nordea Bank Abp, Filial i Norge
6105;NDEANOKK;Nordea Bank Abp, Filial i Norge
6106;NDEANOKK;Nordea Bank Abp, Filial i Norge
6107;NDEANOKK;Nordea Bank Abp, Filial i Norge
6108;NDEANOKK;Nordea Bank Abp, Filial i Norge
6109;NDEANOKK;Nordea Bank Abp, Filial i Norge
6115;NDEANOKK;Nordea Bank Abp, Filial i Norge
6116;NDEANOKK;Nordea Bank Abp, Filial i Norge
6117;NDEANOKK;Nordea Bank Abp, Filial i Norge
6118;NDEANOKK;Nordea Bank Abp, Filial i Norge
6120;NDEANOKK;Nordea Bank Abp, Filial i Norge
6121;NDEANOKK;Nordea Bank Abp, Filial i Norge
6122;NDEANOKK;Nordea Bank Abp, Filial i Norge
6123;NDEANOKK;Nordea Bank Abp, Filial i Norge
6124;NDEANOKK;Nordea Bank Abp, Filial i Norge
6125;NDEANOKK;Nordea Bank Abp, Filial i Norge
6129;NDEANOKK;Nordea Bank Abp, Filial i Norge
6130;NDEANOKK;Nordea Bank Abp, Filial i Norge
6132;NDEANOKK;Nordea Bank Abp, Filial i Norge
6133;NDEANOKK;Nordea Bank Abp, Filial i Norge
6134;NDEANOKK;Nordea Bank Abp, Filial i Norge
6135;NDEANOKK;Nordea Bank Abp, Filial i Norge
6136;NDEANOKK;Nordea Bank Abp, Filial i Norge
6137;NDEANOKK;Nordea Bank Abp, Filial i Norge
6138;NDEANOKK;Nordea Bank Abp, Filial i Norge
6139;NDEANOKK;Nordea Bank Abp, Filial i Norge
6140;NDEANOKK;Nordea Bank Abp, Filial i Norge
6141;NDEANOKK;Nordea Bank Abp, Filial i Norge
6142;NDEANOKK;Nordea Bank Abp, Filial i Norge
6143;NDEANOKK;Nordea Bank Abp, Filial i Norge
6146;NDEANOKK;Nordea Bank Abp, Filial i Norge
6154;NDEANOKK;Nordea Bank Abp, Filial i Norge
6155;NDEANOKK;Nordea Bank Abp, Filial i Norge
6161;NDEANOKK;Nordea Bank Abp, Filial i Norge
6163;NDEANOKK;Nordea Bank Abp, Filial i Norge
6164;NDEANOKK;Nordea Bank Abp, Filial i Norge
6165;NDEANOKK;Nordea Bank Abp, Filial i Norge
6167;NDEANOKK;Nordea Bank Abp, Filial i Norge
6170;NDEANOKK;Nordea Bank Abp, Filial i Norge
6173;NDEANOKK;Nordea Bank Abp, Filial i Norge
6174;NDEANOKK;Nordea Bank Abp, Filial i Norge
6177;NDEANOKK;Nordea Bank Abp, Filial i Norge
6178;NDEANOKK;Nordea Bank Abp, Filial i Norge
6179;NDEANOKK;Nordea Bank Abp, Filial i Norge
6182;NDEANOKK;Nordea Bank Abp, Filial i Norge
6184;NDEANOKK;Nordea Bank Abp, Filial i Norge
6185;NDEANOKK;Nordea Bank Abp, Filial i Norge
6188;NDEANOKK;Nordea Bank Abp, Filial i Norge
6189;NDEANOKK;Nordea Bank Abp, Filial i Norge
6191;NDEANOKK;Nordea Bank Abp, Filial i Norge
6197;NDEANOKK;Nordea Bank Abp, Filial i Norge
6200;NDEANOKK;Nordea Bank Abp, Filial i Norge
6201;NDEANOKK;Nordea Bank Abp, Filial i Norge
6202;NDEANOKK;Nordea Bank Abp, Filial i Norge
6203;NDEANOKK;Nordea Bank Abp, Filial i Norge
6204;NDEANOKK;Nordea Bank Abp, Filial i Norge
6205;NDEANOKK;Nordea Bank Abp, Filial i Norge
6206;NDEANOKK;Nordea Bank Abp, Filial i Norge
6207;NDEANOKK;Nordea Bank Abp, Filial i Norge
6208;NDEANOKK;Nordea Bank Abp, Filial i Norge
6210;NDEANOKK;Nordea Bank Abp, Filial i Norge
6211;NDEANOKK;Nordea Bank Abp, Filial i Norge
6213;NDEANOKK;Nordea Bank Abp, Filial i Norge
6215;NDEANOKK;Nordea Bank Abp, Filial i Norge
6217;NDEANOKK;Nordea Bank Abp, Filial i Norge
6219;NDEANOKK;Nordea Bank Abp, Filial i Norge
6220;NDEANOKK;Nordea Bank Abp, Filial i Norge
6221;NDEANOKK;Nordea Bank Abp, Filial i Norge
6222;NDEANOKK;Nordea Bank Abp, Filial i Norge
6223;NDEANOKK;Nordea Bank Abp, Filial i Norge
6224;NDEANOKK;Nordea Bank Abp, Filial i Norge
6225;NDEANOKK;Nordea Bank Abp, Filial i Norge
6227;NDEANOKK;Nordea Bank Abp, Filial i Norge
6228;NDEANOKK;Nordea Bank Abp, Filial i Norge
6229;NDEANOKK;Nordea Bank Abp, Filial i Norge
6230;NDEANOKK;Nordea Bank Abp, Filial i Norge
6232;NDEANOKK;Nordea Bank Abp, Filial i Norge
6233;NDEANOKK;Nordea Bank Abp, Filial i Norge
6234;NDEANOKK;Nordea Bank Abp, Filial i Norge
6235;NDEANOKK;Nordea Bank Abp, Filial i Norge
6236;NDEANOKK;Nordea Bank Abp, Filial i Norge
6237;NDEANOKK;Nordea Bank Abp, Filial i Norge
6238;NDEANOKK;Nordea Bank Abp, Filial i Norge
6240;NDEANOKK;Nordea Bank Abp, Filial i Norge
6241;NDEANOKK;Nordea Bank Abp, Filial i Norge
6242;NDEANOKK;Nordea Bank Abp, Filial i Norge
6244;NDEANOKK;Nordea Bank Abp, Filial i Norge
6245;NDEANOKK;Nordea Bank Abp, Filial i Norge
6249;NDEANOKK;Nordea Bank Abp, Filial i Norge
6250;NDEANOKK;Nordea Bank Abp, Filial i Norge
6251;NDEANOKK;Nordea Bank Abp, Filial i Norge
6252;NDEANOKK;Nordea Bank Abp, Filial i Norge
6255;NDEANOKK;Nordea Bank Abp, Filial i Norge
6261;NDEANOKK;Nordea Bank Abp, Filial i Norge
6262;NDEANOKK;Nordea Bank Abp, Filial i Norge
6263;NDEANOKK;Nordea Bank Abp, Filial i Norge
6264;NDEANOKK;Nordea Bank Abp, Filial i Norge
6265;NDEANOKK;Nordea Bank Abp, Filial i Norge
6266;NDEANOKK;Nordea Bank Abp, Filial i Norge
6272;NDEANOKK;Nordea Bank Abp, Filial i Norge
6273;NDEANOKK;Nordea Bank Abp, Filial i Norge
6276;NDEANOKK;Nordea Bank Abp, Filial i Norge
6280;NDEANOKK;Nordea Bank Abp, Filial i Norge
6295;NDEANOKK;Nordea Bank Abp, Filial i Norge
6296;NDEANOKK;Nordea Bank Abp, Filial i Norge
6298;NDEANOKK;Nordea Bank Abp, Filial i Norge
6299;NDEANOKK;Nordea Bank Abp, Filial i Norge
6302;NDEANOKK;Nordea Bank Abp, Filial i Norge
6303;NDEANOKK;Nordea Bank Abp, Filial i Norge
6304;NDEANOKK;Nordea Bank Abp, Filial i Norge
6311;NDEANOKK;Nordea Bank Abp, Filial i Norge
6312;NDEANOKK;Nordea Bank Abp, Filial i Norge
6313;NDEANOKK;Nordea Bank Abp, Filial i Norge
6315;NDEANOKK;Nordea Bank Abp, Filial i Norge
6316;NDEANOKK;Nordea Bank Abp, Filial i Norge
6317;NDEANOKK;Nordea Bank Abp, Filial i Norge
6318;NDEANOKK;Nordea Bank Abp, Filial i Norge
6319;NDEANOKK;Nordea Bank Abp, Filial i Norge
6320;NDEANOKK;Nordea Bank Abp, Filial i Norge
6321;NDEANOKK;Nordea Bank Abp, Filial i Norge
6322;NDEANOKK;Nordea Bank Abp, Filial i Norge
6323;NDEANOKK;Nordea Bank Abp, Filial i Norge
6324;NDEANOKK;Nordea Bank Abp, Filial i Norge
6325;NDEANOKK;Nordea Bank Abp, Filial i Norge
6326;NDEANOKK;Nordea Bank Abp, Filial i Norge
6327;NDEANOKK;Nordea Bank Abp, Filial i Norge
6330;NDEANOKK;Nordea Bank Abp, Filial i Norge
6335;NDEANOKK;Nordea Bank Abp, Filial i Norge
6337;NDEANOKK;Nordea Bank Abp, Filial i Norge
6340;NDEANOKK;Nordea Bank Abp, Filial i Norge
6345;NDEANOKK;Nordea Bank Abp, Filial i Norge
6346;NDEANOKK;Nordea Bank Abp, Filial i Norge
6350;NDEANOKK;Nordea Bank Abp, Filial i Norge
6351;NDEANOKK;Nordea Bank Abp, Filial i Norge
6352;NDEANOKK;Nordea Bank Abp, Filial i Norge
6353;NDEANOKK;Nordea Bank Abp, Filial i Norge
6360;NDEANOKK;Nordea Bank Abp, Filial i Norge
6365;NDEANOKK;Nordea Bank Abp, Filial i Norge
6366;NDEANOKK;Nordea Bank Abp, Filial i Norge
6367;NDEANOKK;Nordea Bank Abp, Filial i Norge
6370;NDEANOKK;Nordea Bank Abp, Filial i Norge
6401;NDEANOKK;Nordea Bank Abp, Filial i Norge
6402;NDEANOKK;Nordea Bank Abp, Filial i Norge
6404;NDEANOKK;Nordea Bank Abp, Filial i Norge
6405;NDEANOKK;Nordea Bank Abp, Filial i Norge
6406;NDEANOKK;Nordea Bank Abp, Filial i Norge
6407;NDEANOKK;Nordea Bank Abp, Filial i Norge
6408;NDEANOKK;Nordea Bank Abp, Filial i Norge
6409;NDEANOKK;Nordea Bank Abp, Filial i Norge
6410;NDEANOKK;Nordea Bank Abp, Filial i Norge
6411;NDEANOKK;Nordea Bank Abp, Filial i Norge
6412;NDEANOKK;Nordea Bank Abp, Filial i Norge
6413;NDEANOKK;Nordea Bank Abp, Filial i Norge
6415;NDEANOKK;Nordea Bank Abp, Filial i Norge
6418;NDEANOKK;Nordea Bank Abp, Filial i Norge
6420;NDEANOKK;Nordea Bank Abp, Filial i Norge
6421;NDEANOKK;Nordea Bank Abp, Filial i Norge
6428;NDEANOKK;Nordea Bank Abp, Filial i Norge
6433;NDEANOKK;Nordea Bank Abp, Filial i Norge
6434;NDEANOKK;Nordea Bank Abp, Filial i Norge
6437;NDEANOKK;Nordea Bank Abp, Filial i Norge
6443;NDEANOKK;Nordea Bank Abp, Filial i Norge
6444;NDEANOKK;Nordea Bank Abp, Filial i Norge
6446;NDEANOKK;Nordea Bank Abp, Filial i Norge
6449;NDEANOKK;Nordea Bank Abp, Filial i Norge
6452;NDEANOKK;Nordea Bank Abp, Filial i Norge
6468;NDEANOKK;Nordea Bank Abp, Filial i Norge
6473;NDEANOKK;Nordea Bank Abp, Filial i Norge
6476;NDEANOKK;Nordea Bank Abp, Filial i Norge
6501;NDEANOKK;Nordea Bank Abp, Filial i Norge
6502;NDEANOKK;Nordea Bank Abp, Filial i Norge
6503;NDEANOKK;Nordea Bank Abp, Filial i Norge
6504;NDEANOKK;Nordea Bank Abp, Filial i Norge
6509;NDEANOKK;Nordea Bank Abp, Filial i Norge
6510;NDEANOKK;Nordea Bank Abp, Filial i Norge
6511;NDEANOKK;Nordea Bank Abp, Filial i Norge
6512;NDEANOKK;Nordea Bank Abp, Filial i Norge
6513;NDEANOKK;Nordea Bank Abp, Filial i Norge
6515;NDEANOKK;Nordea Bank Abp, Filial i Norge
6516;NDEANOKK;Nordea Bank Abp, Filial i Norge
6517;NDEANOKK;Nordea Bank Abp, Filial i Norge
6518;NDEANOKK;Nordea Bank Abp, Filial i Norge
6519;NDEANOKK;Nordea Bank Abp, Filial i Norge
6524;NDEANOKK;Nordea Bank Abp, Filial i Norge
6525;NDEANOKK;Nordea Bank Abp, Filial i Norge
6526;NDEANOKK;Nordea Bank Abp, Filial i Norge
6527;NDEANOKK;Nordea Bank Abp, Filial i Norge
6529;NDEANOKK;Nordea Bank Abp, Filial i Norge
6537;NDEANOKK;Nordea Bank Abp, Filial i Norge
6539;NDEANOKK;Nordea Bank Abp, Filial i Norge
6540;NDEANOKK;Nordea Bank Abp, Filial i Norge
6541;NDEANOKK;Nordea Bank Abp, Filial i Norge
6542;NDEANOKK;Nordea Bank Abp, Filial i Norge
6543;NDEANOKK;Nordea Bank Abp, Filial i Norge
6545;NDEANOKK;Nordea Bank Abp, Filial i Norge
6546;NDEANOKK;Nordea Bank Abp, Filial i Norge
6547;NDEANOKK;Nordea Bank Abp, Filial i Norge
6550;NDEANOKK;Nordea Bank Abp, Filial i Norge
6554;NDEANOKK;Nordea Bank Abp, Filial i Norge
6555;NDEANOKK;Nordea Bank Abp, Filial i Norge
6556;NDEANOKK;Nordea Bank Abp, Filial i Norge
6557;NDEANOKK;Nordea Bank Abp, Filial i Norge
6558;NDEANOKK;Nordea Bank Abp, Filial i Norge
6559;NDEANOKK;Nordea Bank Abp, Filial i Norge
6560;NDEANOKK;Nordea Bank Abp, Filial i Norge
6561;NDEANOKK;Nordea Bank Abp, Filial i Norge
6562;NDEANOKK;Nordea Bank Abp, Filial i Norge
6563;NDEANOKK;Nordea Bank Abp, Filial i Norge
6566;NDEANOKK;Nordea Bank Abp, Filial i Norge
6567;NDEANOKK;Nordea Bank Abp, Filial i Norge
6568;NDEANOKK;Nordea Bank Abp, Filial i Norge
6569;NDEANOKK;Nordea Bank Abp, Filial i Norge
6570;NDEANOKK;Nordea Bank Abp, Filial i Norge
6575;NDEANOKK;Nordea Bank Abp, Filial i Norge
6580;NDEANOKK;Nordea Bank Abp, Filial i Norge
6584;NDEANOKK;Nordea Bank Abp, Filial i Norge
6592;NDEANOKK;Nordea Bank Abp, Filial i Norge
6593;NDEANOKK;Nordea Bank Abp, Filial i Norge
6594;NDEANOKK;Nordea Bank Abp, Filial i Norge
6595;NDEANOKK;Nordea Bank Abp, Filial i Norge
6600;NDEANOKK;Nordea Bank Abp, Filial i Norge
6602;NDEANOKK;Nordea Bank Abp, Filial i Norge
6610;NDEANOKK;Nordea Bank Abp, Filial i Norge
6615;NDEANOKK;Nordea Bank Abp, Filial i Norge
6616;NDEANOKK;Nordea Bank Abp, Filial i Norge
6621;NDEANOKK;Nordea Bank Abp, Filial i Norge
6623;NDEANOKK;Nordea Bank Abp, Filial i Norge
6630;NDEANOKK;Nordea Bank Abp, Filial i Norge
6631;NDEANOKK;Nordea Bank Abp, Filial i Norge
6632;NDEANOKK;Nordea Bank Abp, Filial i Norge
6634;NDEANOKK;Nordea Bank Abp, Filial i Norge
6635;NDEANOKK;Nordea Bank Abp, Filial i Norge
6636;NDEANOKK;Nordea Bank Abp, Filial i Norge
6637;NDEANOKK;Nordea Bank Abp, Filial i Norge
6638;NDEANOKK;Nordea Bank Abp, Filial i Norge
6639;NDEANOKK;Nordea Bank Abp, Filial i Norge
6649;NDEANOKK;Nordea Bank Abp, Filial i Norge
6653;NDEANOKK;Nordea Bank Abp, Filial i Norge
6654;NDEANOKK;Nordea Bank Abp, Filial i Norge
6656;NDEANOKK;Nordea Bank Abp, Filial i Norge
6660;NDEANOKK;Nordea Bank Abp, Filial i Norge
6661;NDEANOKK;Nordea Bank Abp, Filial i Norge
6662;NDEANOKK;Nordea Bank Abp, Filial i Norge
6666;NDEANOKK;Nordea Bank Abp, Filial i Norge
6670;NDEANOKK;Nordea Bank Abp, Filial i Norge
6671;NDEANOKK;Nordea Bank Abp, Filial i Norge
6672;NDEANOKK;Nordea Bank Abp, Filial i Norge
6676;NDEANOKK;Nordea Bank Abp, Filial i Norge
6677;NDEANOKK;Nordea Bank Abp, Filial i Norge
6678;NDEANOKK;Nordea Bank Abp, Filial i Norge
6681;NDEANOKK;Nordea Bank Abp, Filial i Norge
6684;NDEANOKK;Nordea Bank Abp, Filial i Norge
6690;NDEANOKK;Nordea Bank Abp, Filial i Norge
6691;NDEANOKK;Nordea Bank Abp, Filial i Norge
6692;NDEANOKK;Nordea Bank Abp, Filial i Norge
6701;NDEANOKK;Nordea Bank Abp, Filial i Norge
6702;NDEANOKK;Nordea Bank Abp, Filial i Norge
6707;NDEANOKK;Nordea Bank Abp, Filial i Norge
6708;NDEANOKK;Nordea Bank Abp, Filial i Norge
6709;NDEANOKK;Nordea Bank Abp, Filial i Norge
6713;NDEANOKK;Nordea Bank Abp, Filial i Norge
6714;NDEANOKK;Nordea Bank Abp, Filial i Norge
6717;NDEANOKK;Nordea Bank Abp, Filial i Norge
6721;NDEANOKK;Nordea Bank Abp, Filial i Norge
6722;NDEANOKK;Nordea Bank Abp, Filial i Norge
6728;NDEANOKK;Nordea Bank Abp, Filial i Norge
6729;NDEANOKK;Nordea Bank Abp, Filial i Norge
6730;NDEANOKK;Nordea Bank Abp, Filial i Norge
6737;NDEANOKK;Nordea Bank Abp, Filial i Norge
6738;NDEANOKK;Nordea Bank Abp, Filial i Norge
6743;NDEANOKK;Nordea Bank Abp, Filial i Norge
6749;NDEANOKK;Nordea Bank Abp, Filial i Norge
6750;NDEANOKK;Nordea Bank Abp, Filial i Norge
6769;NDEANOKK;Nordea Bank Abp, Filial i Norge
6779;NDEANOKK;Nordea Bank Abp, Filial i Norge
6781;NDEANOKK;Nordea Bank Abp, Filial i Norge
6784;NDEANOKK;Nordea Bank Abp, Filial i Norge
6788;NDEANOKK;Nordea Bank Abp, Filial i Norge
6790;NDEANOKK;Nordea Bank Abp, Filial i Norge
6793;NDEANOKK;Nordea Bank Abp, Filial i Norge
6797;NDEANOKK;Nordea Bank Abp, Filial i Norge
6798;NDEANOKK;Nordea Bank Abp, Filial i Norge
6799;NDEANOKK;Nordea Bank Abp, Filial i Norge
6803;NDEANOKK;Nordea Bank Abp, Filial i Norge
6805;NDEANOKK;Nordea Bank Abp, Filial i Norge
6806;NDEANOKK;Nordea Bank Abp, Filial i Norge
6810;NDEANOKK;Nordea Bank Abp, Filial i Norge
6811;NDEANOKK;Nordea Bank Abp, Filial i Norge
6813;NDEANOKK;Nordea Bank Abp, Filial i Norge
6816;NDEANOKK;Nordea Bank Abp, Filial i Norge
6819;NDEANOKK;Nordea Bank Abp, Filial i Norge
6822;NDEANOKK;Nordea Bank Abp, Filial i Norge
6823;NDEANOKK;Nordea Bank Abp, Filial i Norge
6825;NDEANOKK;Nordea Bank Abp, Filial i Norge
6828;NDEANOKK;Nordea Bank Abp, Filial i Norge
6831;NDEANOKK;Nordea Bank Abp, Filial i Norge
6832;NDEANOKK;Nordea Bank Abp, Filial i Norge
6836;NDEANOKK;Nordea Bank Abp, Filial i Norge
6837;NDEANOKK;Nordea Bank Abp, Filial i Norge
6841;NDEANOKK;Nordea Bank Abp, Filial i Norge
6845;NDEANOKK;Nordea Bank Abp, Filial i Norge
6846;NDEANOKK;Nordea Bank Abp, Filial i Norge
6849;NDEANOKK;Nordea Bank Abp, Filial i Norge
6851;NDEANOKK;Nordea Bank Abp, Filial i Norge
6852;NDEANOKK;Nordea Bank Abp, Filial i Norge
6877;NDEANOKK;Nordea Bank Abp, Filial i Norge
6882;NDEANOKK;Nordea Bank Abp, Filial i Norge
6892;NDEANOKK;Nordea Bank Abp, Filial i Norge
6911;NDEANOKK;Nordea Bank Abp, Filial i Norge
6918;NDEANOKK;Nordea Bank Abp, Filial i Norge
6923;NDEANOKK;Nordea Bank Abp, Filial i Norge
6924;NDEANOKK;Nordea Bank Abp, Filial i Norge
6954;NDEANOKK;Nordea Bank Abp, Filial i Norge
6997;NDEANOKK;Nordea Bank Abp, Filial i Norge
7001;DNBANOKK;DNB Bank ASA
7002;DNBANOKK;DNB Bank ASA
7003;DNBANOKK;DNB Bank ASA
7004;DNBANOKK;DNB Bank ASA
7006;DNBANOKK;DNB Bank ASA
7007;DNBANOKK;DNB Bank ASA
7008;DNBANOKK;DNB Bank ASA
7009;DNBANOKK;DNB Bank ASA
7010;DNBANOKK;DNB Bank ASA
7011;DNBANOKK;DNB Bank ASA
7012;DNBANOKK;DNB Bank ASA
7013;DNBANOKK;DNB Bank ASA
7014;DNBANOKK;DNB Bank ASA
7016;DNBANOKK;DNB Bank ASA
7017;DNBANOKK;DNB Bank ASA
7018;DNBANOKK;DNB Bank ASA
7020;DNBANOKK;DNB Bank ASA
7021;DNBANOKK;DNB Bank ASA
7023;DNBANOKK;DNB Bank ASA
7025;DNBANOKK;DNB Bank ASA
7026;DNBANOKK;DNB Bank ASA
7028;DNBANOKK;DNB Bank ASA
7029;DNBANOKK;DNB Bank ASA
7030;DNBANOKK;DNB Bank ASA
7032;DNBANOKK;DNB Bank ASA
7033;DNBANOKK;DNB Bank ASA
7034;DNBANOKK;DNB Bank ASA
7035;DNBANOKK;DNB Bank ASA
7038;DNBANOKK;DNB Bank ASA
7039;DNBANOKK;DNB Bank ASA
7041;DNBANOKK;DNB Bank ASA
7042;DNBANOKK;DNB Bank ASA
7044;DNBANOKK;DNB Bank ASA
7045;DNBANOKK;DNB Bank ASA
7047;DNBANOKK;DNB Bank ASA
7050;DNBANOKK;DNB Bank ASA
7052;DNBANOKK;DNB Bank ASA
7054;DNBANOKK;DNB Bank ASA
7056;DNBANOKK;DNB Bank ASA
7057;DNBANOKK;DNB Bank ASA
7058;DNBANOKK;DNB Bank ASA
7060;DNBANOKK;DNB Bank ASA
7061;DNBANOKK;DNB Bank ASA
7062;DNBANOKK;DNB Bank ASA
7064;DNBANOKK;DNB Bank ASA
7066;DNBANOKK;DNB Bank ASA
7068;DNBANOKK;DNB Bank ASA
7069;DNBANOKK;DNB Bank ASA
7072;DNBANOKK;DNB Bank ASA
7074;DNBANOKK;DNB Bank ASA
7076;DNBANOKK;DNB Bank ASA
7077;DNBANOKK;DNB Bank ASA
7082;DNBANOKK;DNB Bank ASA
7085;DNBANOKK;DNB Bank ASA
7087;DNBANOKK;DNB Bank ASA
7089;DNBANOKK;DNB Bank ASA
7090;DNBANOKK;DNB Bank ASA
7094;DNBANOKK;DNB Bank ASA
7097;DNBANOKK;DNB Bank ASA
7100;DNBANOKK;DNB Bank ASA
7101;DNBANOKK;DNB Bank ASA
7102;DNBANOKK;DNB Bank ASA
7104;DNBANOKK;DNB Bank ASA
7105;DNBANOKK;DNB Bank ASA
7106;DNBANOKK;DNB Bank ASA
7107;DNBANOKK;DNB Bank ASA
7108;DNBANOKK;DNB Bank ASA
7109;DNBANOKK;DNB Bank ASA
7111;DNBANOKK;DNB Bank ASA
7112;DNBANOKK;DNB Bank ASA
7113;DNBANOKK;DNB Bank ASA
7114;DNBANOKK;DNB Bank ASA
7115;DNBANOKK;DNB Bank ASA
7116;DNBANOKK;DNB Bank ASA
7118;DNBANOKK;DNB Bank ASA
7119;DNBANOKK;DNB Bank ASA
7121;DNBANOKK;DNB Bank ASA
7122;DNBANOKK;DNB Bank ASA
7124;DNBANOKK;DNB Bank ASA
7125;DNBANOKK;DNB Bank ASA
7126;DNBANOKK;DNB Bank ASA
7127;DNBANOKK;DNB Bank ASA
7128;DNBANOKK;DNB Bank ASA
7129;DNBANOKK;DNB Bank ASA
7130;DNBANOKK;DNB Bank ASA
7131;DNBANOKK;DNB Bank ASA
7132;DNBANOKK;DNB Bank ASA
7133;DNBANOKK;DNB Bank ASA
7135;DNBANOKK;DNB Bank ASA
7136;DNBANOKK;DNB Bank ASA
7137;DNBANOKK;DNB Bank ASA
7138;DNBANOKK;DNB Bank ASA
7139;DNBANOKK;DNB Bank ASA
7141;DNBANOKK;DNB Bank ASA
7142;DNBANOKK;DNB Bank ASA
7143;DNBANOKK;DNB Bank ASA
7144;DNBANOKK;DNB Bank ASA
7145;DNBANOKK;DNB Bank ASA
7146;DNBANOKK;DNB Bank ASA
7147;DNBANOKK;DNB Bank ASA
7149;DNBANOKK;DNB Bank ASA
7150;DNBANOKK;DNB Bank ASA
7152;DNBANOKK;DNB Bank ASA
7153;DNBANOKK;DNB Bank ASA
7154;DNBANOKK;DNB Bank ASA
7156;DNBANOKK;DNB Bank ASA
7158;DNBANOKK;DNB Bank ASA
7159;DNBANOKK;DNB Bank ASA
7160;DNBANOKK;DNB Bank ASA
7161;DNBANOKK;DNB Bank ASA
7162;DNBANOKK;DNB Bank ASA
7163;DNBANOKK;DNB Bank ASA
7164;DNBANOKK;DNB Bank ASA
7166;DNBANOKK;DNB Bank ASA
7167;DNBANOKK;DNB Bank ASA
7168;DNBANOKK;DNB Bank ASA
7169;DNBANOKK;DNB Bank ASA
7170;DNBANOKK;DNB Bank ASA
7171;DNBANOKK;DNB Bank ASA
7172;DNBANOKK;DNB Bank ASA
7174;DNBANOKK;DNB Bank ASA
7175;DNBANOKK;DNB Bank ASA
7176;DNBANOKK;DNB Bank ASA
7177;DNBANOKK;DNB Bank ASA
7178;DNBANOKK;DNB Bank ASA
7181;DNBANOKK;DNB Bank ASA
7183;DNBANOKK;DNB Bank ASA
7184;DNBANOKK;DNB Bank ASA
7186;DNBANOKK;DNB Bank ASA
7188;DNBANOKK;DNB Bank ASA
7189;DNBANOKK;DNB Bank ASA
7190;DNBANOKK;DNB Bank ASA
7191;DNBANOKK;DNB Bank ASA
7192;DNBANOKK;DNB Bank ASA
7193;DNBANOKK;DNB Bank ASA
7194;DNBANOKK;DNB Bank ASA
7195;DNBANOKK;DNB Bank ASA
7198;DNBANOKK;DNB Bank ASA
7202;DNBANOKK;DNB Bank ASA
7203;DNBANOKK;DNB Bank ASA
7204;DNBANOKK;DNB Bank ASA
7205;DNBANOKK;DNB Bank ASA
7206;DNBANOKK;DNB Bank ASA
7207;DNBANOKK;DNB Bank ASA
7208;DNBANOKK;DNB Bank ASA
7209;DNBANOKK;DNB Bank ASA
7210;DNBANOKK;DNB Bank ASA
7211;DNBANOKK;DNB Bank ASA
7212;DNBANOKK;DNB Bank ASA
7213;DNBANOKK;DNB Bank ASA
7214;DNBANOKK;DNB Bank ASA
7216;DNBANOKK;DNB Bank ASA
7220;DNBANOKK;DNB Bank ASA
7221;DNBANOKK;DNB Bank ASA
7224;DNBANOKK;DNB Bank ASA
7226;DNBANOKK;DNB Bank ASA
7227;DNBANOKK;DNB Bank ASA
7228;DNBANOKK;DNB Bank ASA
7230;DNBANOKK;DNB Bank ASA
7231;DNBANOKK;DNB Bank ASA
7233;DNBANOKK;DNB Bank ASA
7234;DNBANOKK;DNB Bank ASA
7235;DNBANOKK;DNB Bank ASA
7236;DNBANOKK;DNB Bank ASA
7237;DNBANOKK;DNB Bank ASA
7238;DNBANOKK;DNB Bank ASA
7239;DNBANOKK;DNB Bank ASA
7240;DNBANOKK;DNB Bank ASA
7243;DNBANOKK;DNB Bank ASA
7245;DNBANOKK;DNB Bank ASA
7251;DNBANOKK;DNB Bank ASA
7253;DNBANOKK;DNB Bank ASA
7258;DNBANOKK;DNB Bank ASA
7259;DNBANOKK;DNB Bank ASA
7260;DNBANOKK;DNB Bank ASA
7261;DNBANOKK;DNB Bank ASA
7262;DNBANOKK;DNB Bank ASA
7264;DNBANOKK;DNB Bank ASA
7265;DNBANOKK;DNB Bank ASA
7273;DNBANOKK;DNB Bank ASA
7282;DNBANOKK;DNB Bank ASA
7285;DNBANOKK;DNB Bank ASA
7288;DNBANOKK;DNB Bank ASA
7289;DNBANOKK;DNB Bank ASA
7290;DNBANOKK;DNB Bank ASA
7291;DNBANOKK;DNB Bank ASA
7292;DNBANOKK;DNB Bank ASA
7293;DNBANOKK;DNB Bank ASA
7295;DNBANOKK;DNB Bank ASA
7296;DNBANOKK;DNB Bank ASA
7297;DNBANOKK;DNB Bank ASA
7298;DNBANOKK;DNB Bank ASA
7299;DNBANOKK;DNB Bank ASA
7301;DNBANOKK;DNB Bank ASA
7304;DNBANOKK;DNB Bank ASA
7306;DNBANOKK;DNB Bank ASA
7307;DNBANOKK;DNB Bank ASA
7309;DNBANOKK;DNB Bank ASA
7310;DNBANOKK;DNB Bank ASA
7312;DNBANOKK;DNB Bank ASA
7314;DNBANOKK;DNB Bank ASA
7315;DNBANOKK;DNB Bank ASA
7316;DNBANOKK;DNB Bank ASA
7319;DNBANOKK;DNB Bank ASA
7322;DNBANOKK;DNB Bank ASA
7323;DNBANOKK;DNB Bank ASA
7325;DNBANOKK;DNB Bank ASA
7326;DNBANOKK;DNB Bank ASA
7328;DNBANOKK;DNB Bank ASA
7331;DNBANOKK;DNB Bank ASA
7332;DNBANOKK;DNB Bank ASA
7333;DNBANOKK;DNB Bank ASA
7334;DNBANOKK;DNB Bank ASA
7335;DNBANOKK;DNB Bank ASA
7336;DNBANOKK;DNB Bank ASA
7337;DNBANOKK;DNB Bank ASA
7362;DNBANOKK;DNB Bank ASA
7364;DNBANOKK;DNB Bank ASA
7367;DNBANOKK;DNB Bank ASA
7368;DNBANOKK;DNB Bank ASA
7370;DNBANOKK;DNB Bank ASA
7400;DNBANOKK;DNB Bank ASA
7401;DNBANOKK;DNB Bank ASA
7403;DNBANOKK;DNB Bank ASA
7404;DNBANOKK;DNB Bank ASA
7406;DNBANOKK;DNB Bank ASA
7407;DNBANOKK;DNB Bank ASA
7413;DNBANOKK;DNB Bank ASA
7416;DNBANOKK;DNB Bank ASA
7421;DNBANOKK;DNB Bank ASA
7426;DNBANOKK;DNB Bank ASA
7431;DNBANOKK;DNB Bank ASA
7435;DNBANOKK;DNB Bank ASA
7441;DNBANOKK;DNB Bank ASA
7450;DNBANOKK;DNB Bank ASA
7451;DNBANOKK;DNB Bank ASA
7457;DNBANOKK;DNB Bank ASA
7460;DNBANOKK;DNB Bank ASA
7462;DNBANOKK;DNB Bank ASA
7472;DNBANOKK;DNB Bank ASA
7474;DNBANOKK;DNB Bank ASA
7475;DNBANOKK;DNB Bank ASA
7476;DNBANOKK;DNB Bank ASA
7477;DNBANOKK;DNB Bank ASA
7478;DNBANOKK;DNB Bank ASA
7479;DNBANOKK;DNB Bank ASA
7492;DNBANOKK;DNB Bank ASA
7493;DNBANOKK;DNB Bank ASA
7495;DNBANOKK;DNB Bank ASA
7501;DNBANOKK;DNB Bank ASA
7502;DNBANOKK;DNB Bank ASA
7508;DNBANOKK;DNB Bank ASA
7509;DNBANOKK;DNB Bank ASA
7513;DNBANOKK;DNB Bank ASA
7514;DNBANOKK;DNB Bank ASA
7516;DNBANOKK;DNB Bank ASA
7517;DNBANOKK;DNB Bank ASA
7518;DNBANOKK;DNB Bank ASA
7520;DNBANOKK;DNB Bank ASA
7535;DNBANOKK;DNB Bank ASA
7550;DNBANOKK;DNB Bank ASA
7553;DNBANOKK;DNB Bank ASA
7554;DNBANOKK;DNB Bank ASA
7555;DNBANOKK;DNB Bank ASA
7560;DNBANOKK;DNB Bank ASA
7561;DNBANOKK;DNB Bank ASA
7573;DNBANOKK;DNB Bank ASA
7575;DNBANOKK;DNB Bank ASA
7576;DNBANOKK;DNB Bank ASA
7581;DNBANOKK;DNB Bank ASA
7584;DNBANOKK;DNB Bank ASA
7587;DNBANOKK;DNB Bank ASA
7588;DNBANOKK;DNB Bank ASA
7592;DNBANOKK;DNB Bank ASA
7593;DNBANOKK;DNB Bank ASA
7594;DNBANOKK;DNB Bank ASA
7595;DNBANOKK;DNB Bank ASA
7596;DNBANOKK;DNB Bank ASA
7597;DNBANOKK;DNB Bank ASA
7600;DNBANOKK;DNB Bank ASA
7603;DNBANOKK;DNB Bank ASA
7606;DNBANOKK;DNB Bank ASA
7609;DNBANOKK;DNB Bank ASA
7613;DNBANOKK;DNB Bank ASA
7614;DNBANOKK;DNB Bank ASA
7615;DNBANOKK;DNB Bank ASA
7623;DNBANOKK;DNB Bank ASA
7640;DNBANOKK;DNB Bank ASA
7644;DNBANOKK;DNB Bank ASA
7656;DNBANOKK;DNB Bank ASA
7660;DNBANOKK;DNB Bank ASA
7670;DNBANOKK;DNB Bank ASA 
7684;DNBANOKK;DNB Bank ASA
7686;DNBANOKK;DNB Bank ASA
7690;DNBANOKK;DNB Bank ASA 
7691;DNBANOKK;DNB Bank ASA 
7692;DNBANOKK;DNB Bank ASA 
7693;DNBANOKK;DNB Bank ASA 
7694;DNBANOKK;DNB Bank ASA 
7695;DNBANOKK;DNB Bank ASA 
7696;DNBANOKK;DNB Bank ASA 
7698;DNBANOKK;DNB Bank ASA 
7699;DNBANOKK;DNB Bank ASA 
7701;DNBANOKK;DNB Bank ASA
7703;DNBANOKK;DNB Bank ASA
7704;DNBANOKK;DNB Bank ASA
7711;DNBANOKK;DNB Bank ASA
7712;DNBANOKK;DNB Bank ASA 
7725;DNBANOKK;DNB Bank ASA 
7726;DNBANOKK;DNB Bank ASA 
7727;DNBANOKK;DNB Bank ASA 
7728;DNBANOKK;DNB Bank ASA 
7729;DNBANOKK;DNB Bank ASA 
7731;DNBANOKK;DNB Bank ASA 
7732;DNBANOKK;DNB Bank ASA 
7734;DNBANOKK;DNB Bank ASA 
7735;DNBANOKK;DNB Bank ASA 
7736;DNBANOKK;DNB Bank ASA 
7737;DNBANOKK;DNB Bank ASA 
7745;DNBANOKK;DNB Bank ASA
7746;DNBANOKK;DNB Bank ASA
7748;DNBANOKK;DNB Bank ASA
7766;DNBANOKK;DNB Bank ASA 
7780;DNBANOKK;DNB Bank ASA 
7788;DNBANOKK;DNB Bank ASA 
7801;DNBANOKK;DNB Bank ASA 
7804;DNBANOKK;DNB Bank ASA 
7806;DNBANOKK;DNB Bank ASA 
7807;DNBANOKK;DNB Bank ASA 
7808;DNBANOKK;DNB Bank ASA 
7809;DNBANOKK;DNB Bank ASA 
7810;DNBANOKK;DNB Bank ASA 
7811;DNBANOKK;DNB Bank ASA 
7813;DNBANOKK;DNB Bank ASA 
7818;DNBANOKK;DNB Bank ASA 
7821;DNBANOKK;DNB Bank ASA 
7823;DNBANOKK;DNB Bank ASA
7824;DNBANOKK;DNB Bank ASA
7830;DNBANOKK;DNB Bank ASA
7832;DNBANOKK;DNB Bank ASA
7833;DNBANOKK;DNB Bank ASA
7834;DNBANOKK;DNB Bank ASA
7839;DNBANOKK;DNB Bank ASA
7841;DNBANOKK;DNB Bank ASA
7842;DNBANOKK;DNB Bank ASA
7843;DNBANOKK;DNB Bank ASA
7844;DNBANOKK;DNB Bank ASA
7846;DNBANOKK;DNB Bank ASA
7848;DNBANOKK;DNB Bank ASA
7849;DNBANOKK;DNB Bank ASA
7850;DNBANOKK;DNB Bank ASA
7851;DNBANOKK;DNB Bank ASA
7853;DNBANOKK;DNB Bank ASA
7854;DNBANOKK;DNB Bank ASA
7857;DNBANOKK;DNB Bank ASA
7858;DNBANOKK;DNB Bank ASA
7859;DNBANOKK;DNB Bank ASA
7860;DNBANOKK;DNB Bank ASA
7861;DNBANOKK;DNB Bank ASA
7863;DNBANOKK;DNB Bank ASA
7868;DNBANOKK;DNB Bank ASA
7874;DNBANOKK;DNB Bank ASA
7877;DNBANOKK;DNB Bank ASA
7878;DNBANOKK;DNB Bank ASA
7881;DNBANOKK;DNB Bank ASA
7882;DNBANOKK;DNB Bank ASA
7883;DNBANOKK;DNB Bank ASA
7884;DNBANOKK;DNB Bank ASA
7885;DNBANOKK;DNB Bank ASA
7886;DNBANOKK;DNB Bank ASA
7887;DNBANOKK;DNB Bank ASA
7888;DNBANOKK;DNB Bank ASA
7889;DNBANOKK;DNB Bank ASA
7894;DNBANOKK;DNB Bank ASA
7896;DNBANOKK;DNB Bank ASA
7898;DNBANOKK;DNB Bank ASA
7899;DNBANOKK;DNB Bank ASA
7900;DNBANOKK;DNB Bank ASA
7902;DNBANOKK;DNB Bank ASA
7903;DNBANOKK;DNB Bank ASA
7904;DNBANOKK;DNB Bank ASA
7905;DNBANOKK;DNB Bank ASA
7906;DNBANOKK;DNB Bank ASA
7907;DNBANOKK;DNB Bank ASA
7908;DNBANOKK;DNB Bank ASA
7910;DNBANOKK;DNB Bank ASA
7911;DNBANOKK;DNB Bank ASA
7913;DNBANOKK;DNB Bank ASA
7914;DNBANOKK;DNB Bank ASA
7917;DNBANOKK;DNB Bank ASA
7919;DNBANOKK;DNB Bank ASA
7922;DNBANOKK;DNB Bank ASA
7923;DNBANOKK;DNB Bank ASA
7924;DNBANOKK;DNB Bank ASA
7925;DNBANOKK;DNB Bank ASA
7926;DNBANOKK;DNB Bank ASA
7927;DNBANOKK;DNB Bank ASA
7929;DNBANOKK;DNB Bank ASA
7931;DNBANOKK;DNB Bank ASA
7934;DNBANOKK;DNB Bank ASA
7935;DNBANOKK;DNB Bank ASA
7937;DNBANOKK;DNB Bank ASA
7938;DNBANOKK;DNB Bank ASA
7942;DNBANOKK;DNB Bank ASA
7946;DNBANOKK;DNB Bank ASA
7949;DNBANOKK;DNB Bank ASA
7961;DNBANOKK;DNB Bank ASA
7962;DNBANOKK;DNB Bank ASA
7966;DNBANOKK;DNB Bank ASA
7972;DNBANOKK;DNB Bank ASA
7973;DNBANOKK;DNB Bank ASA
7974;DNBANOKK;DNB Bank ASA
7976;DNBANOKK;DNB Bank ASA
7977;DNBANOKK;DNB Bank ASA
7978;DNBANOKK;DNB Bank ASA
7979;DNBANOKK;DNB Bank ASA
7981;DNBANOKK;DNB Bank ASA
7989;DNBANOKK;DNB Bank ASA
7990;DNBANOKK;DNB Bank ASA
7993;DNBANOKK;DNB Bank ASA
7995;DNBANOKK;DNB Bank ASA
7996;DNBANOKK;DNB Bank ASA
7997;DNBANOKK;DNB Bank ASA
7998;DNBANOKK;DNB Bank ASA
7999;DNBANOKK;DNB Bank ASA
8101;DABANO22;Danske Bank
8102;DABANO22;Danske Bank
8103;DABANO22;Danske Bank
8109;DABANO22;Danske Bank
8110;DABANO22;Danske Bank
8111;DABANO22;Danske Bank
8120;DABANO22;Danske Bank
8122;DABANO22;Danske Bank
8124;DABANO22;Danske Bank
8126;DABANO22;Danske Bank
8128;DABANO22;Danske Bank
8133;SPSONO22;Sparebanken Sør
8143;DABANO22;Danske Bank
8150;DABANO22;Danske Bank
8156;DABANO22;Danske Bank
8160;DABANO22;Danske Bank
8170;DABANO22;Danske Bank
8194;DABANO22;Danske Bank
8200;DNBANOKK;DNB Bank ASA
8205;DNBANOKK;DNB Bank ASA
8210;DNBANOKK;DNB Bank ASA
8215;DNBANOKK;DNB Bank ASA
8220;SPSONO22;Sparebanken Sør
8225;DNBANOKK;DNB Bank ASA
8230;DNBANOKK;DNB Bank ASA
8240;DNBANOKK;DNB Bank ASA
8245;DNBANOKK;DNB Bank ASA
8250;DNBANOKK;DNB Bank ASA
8255;DNBANOKK;DNB Bank ASA
8272;DNBANOKK;DNB Bank ASA
8276;DNBANOKK;DNB Bank ASA 
8280;DNBANOKK;DNB Bank ASA
8281;DNBANOKK;DNB Bank ASA
8301;CITINOKX;Citibank Europe PLC
8303;CITINOKX;Citibank International PLC 
8317;KLPKNO21;KLP Banken AS
8380;DNBANOKK;DNB Bank ASA
8382;DNBANOKK;DNB Bank ASA
8383;DNBANOKK;DNB Bank ASA
8384;DNBANOKK;DNB Bank ASA
8385;DNBANOKK;DNB Bank ASA
8386;DNBANOKK;DNB Bank ASA
8392;DNBANOKK;DNB Bank ASA
8393;DNBANOKK;DNB Bank ASA
8394;DNBANOKK;DNB Bank ASA
8396;HANDNOKK;Svenska Handelsbanken AB NUF
8397;HANDNOKK;Svenska Handelsbanken AB NUF
8398;HANDNOKK;Svenska Handelsbanken AB NUF
8420;DABANO22;Danske Bank
8426;DABANO22;Danske Bank
8450;DABANO22;Danske Bank
8471;DABANO22;Danske Bank
8472;DABANO22;Danske Bank
8475;DABANO22;Danske Bank
8478;DABANO22;Danske Bank
8480;DABANO22;Danske Bank
8483;DABANO22;Danske Bank
8507;DABANO22;Danske Bank
8508;DABANO22;Danske Bank
8510;DABANO22;Danske Bank
8511;DABANO22;Danske Bank
8513;DABANO22;Danske Bank
8514;DABANO22;Danske Bank
8515;DABANO22;Danske Bank
8516;DABANO22;Danske Bank
8530;DABANO22;Danske Bank
8535;DABANO22;Danske Bank
8540;DABANO22;Danske Bank
8545;DABANO22;Danske Bank
8580;DABANO22;Danske Bank
8601;DABANO22;Danske Bank
8603;DABANO22;Danske Bank 
8604;DABANO22;Danske Bank
8605;DABANO22;Danske Bank
8606;DABANO22;Danske Bank
8630;DABANO22;Danske Bank
8631;DABANO22;Danske Bank
8635;DABANO22;Danske Bank
8636;DABANO22;Danske Bank
8640;DABANO22;Danske Bank
8642;DABANO22;Danske Bank
8643;DABANO22;Danske Bank
8644;DABANO22;Danske Bank
8647;DABANO22;Danske Bank
8650;DABANO22;Danske Bank
8652;DABANO22;Danske Bank
8653;DABANO22;Danske Bank
8654;DABANO22;Danske Bank
8670;DABANO22;Danske Bank
8671;DABANO22;Danske Bank
8673;DABANO22;Danske Bank
8674;DABANO22;Danske Bank
8676;DABANO22;Danske Bank
9001;SHEDNO22;SpareBank 1 Østlandet
9002;SHEDNO22;SpareBank 1 Østlandet
9003;SHEDNO22;SpareBank 1 Østlandet
9004;SHEDNO22;SpareBank 1 Østlandet
9005;SHEDNO22;SpareBank 1 Østlandet
9006;SHEDNO22;SpareBank 1 Østlandet
9007;SHEDNO22;SpareBank 1 Østlandet
9008;SHEDNO22;SpareBank 1 Østlandet
9011;SPRONO22;SpareBank 1 Sør-Norge ASA
9012;SHEDNO22;SpareBank 1 Østlandet
9013;SPAVNOBB;Sparebanken Vest
9015;VEFONO21;SpareBank 1 Sør-Norge ASA
9016;RYGSNO21;Sparebank1 Østfold Akershus
9017;VEFONO21;SpareBank 1 Sør-Norge ASA
9019;SNOWNO22;SpareBank 1 Nord-Norge
9021;BNPANOKK;BNP Paribas S.A. Norway Branch
9041;HANDNOKK;Svenska Handelsbanken AB NUF
9042;HANDNOKK;Svenska Handelsbanken AB NUF
9043;HANDNOKK;Svenska Handelsbanken AB NUF
9044;HANDNOKK;Svenska Handelsbanken AB NUF
9046;HANDNOKK;Svenska Handelsbanken AB NUF
9047;HANDNOKK;Svenska Handelsbanken AB NUF
9048;HANDNOKK;Svenska Handelsbanken AB NUF
9049;HANDNOKK;Svenska Handelsbanken AB NUF
9050;HANDNOKK;Svenska Handelsbanken AB NUF
9051;HANDNOKK;Svenska Handelsbanken AB NUF
9052;HANDNOKK;Svenska Handelsbanken AB NUF
9053;HANDNOKK;Svenska Handelsbanken AB NUF
9054;HANDNOKK;Svenska Handelsbanken AB NUF
9055;HANDNOKK;Svenska Handelsbanken AB NUF
9056;HANDNOKK;Svenska Handelsbanken AB NUF
9061;DABANO22;Danske Bank
9063;DABANO22;Danske Bank
9064;DABANO22;Danske Bank
9065;DABANO22;Danske Bank
9066;DABANO22;Danske Bank
9069;SHEDNO22;SpareBank 1 Østlandet
9100;STFBNOKK;Storebrand Bank ASA
9149;DNBANOKK;DNB Bank ASA
9175;IEVENO21;Næringsbanken ASA
9180;SAOMNO21;Santander Consumer Bank AS
9181;SAOMNO21;Santander Consumer Bank AS 
9182;SAOMNO21;Santander Consumer Bank AS 
9183;SAOMNO21;Santander Consumer Bank AS 
9184;SAOMNO21;Santander Consumer Bank AS 
9187;SAOMNO21;Santander Consumer Bank AS 
9201;SAOENO22;Sparebanken Øst
9202;SAOENO22;Sparebanken Øst
9203;SAOENO22;Sparebanken Øst
9204;SAOENO22;Sparebanken Øst
9205;SAOENO22;Sparebanken Øst
9211;HAALNO21;Sparebank 1 Hallingdal Valdres
9230;KBNONO22;BN Bank ASA
9235;KBNONO22;BN Bank ASA
9246;NRCANOK2;Nordic Corporate Bank ASA
9355;NORWNOK1;Bank Norwegian, en filial av NOBA Bank Group AB (publ)
9356;NORWNOK1;Bank Norwegian, en filial av NOBA Bank Group AB (publ)
9357;NORWNOK1;Bank Norwegian, en filial av NOBA Bank Group AB (publ)
9358;NORWNOK1;Bank Norwegian, en filial av NOBA Bank Group AB (publ)
9364;LANDNOK1;Landkreditt Bank AS
9365;LANDNOK1;Landkreditt Bank AS
9371;HANDNOKK;Svenska Handelsbanken AB NUF
9372;HANDNOKK;Svenska Handelsbanken AB NUF
9373;HANDNOKK;Svenska Handelsbanken AB NUF
9374;HANDNOKK;Svenska Handelsbanken AB NUF
9376;MYASNOK1;Heder Bank ASA
9380;PTAANOK1;Pareto Bank ASA
9480;HANDNOKK;Svenska Handelsbanken AB NUF
9481;HANDNOKK;Svenska Handelsbanken AB NUF
9483;HANDNOKK;Svenska Handelsbanken AB NUF
9484;HANDNOKK;Svenska Handelsbanken AB NUF
9485;HANDNOKK;Svenska Handelsbanken AB NUF
9486;HANDNOKK;Svenska Handelsbanken AB NUF
9487;HANDNOKK;Svenska Handelsbanken AB NUF
9488;HANDNOKK;Svenska Handelsbanken AB NUF
9489;HANDNOKK;Svenska Handelsbanken AB NUF
9490;HANDNOKK;Svenska Handelsbanken AB NUF
9491;HANDNOKK;Svenska Handelsbanken AB NUF
9492;HANDNOKK;Svenska Handelsbanken AB NUF
9493;HANDNOKK;Svenska Handelsbanken AB NUF
9494;HANDNOKK;Svenska Handelsbanken AB NUF
9495;HANDNOKK;Svenska Handelsbanken AB NUF
9497;HANDNOKK;Svenska Handelsbanken AB NUF
9498;HANDNOKK;Svenska Handelsbanken AB NUF
9499;HANDNOKK;Svenska Handelsbanken AB NUF
9521;HANDNOKK;Svenska Handelsbanken AB NUF
9522;HANDNOKK;Svenska Handelsbanken AB NUF
9523;HANDNOKK;Svenska Handelsbanken AB NUF
9524;HANDNOKK;Svenska Handelsbanken AB NUF
9525;HANDNOKK;Svenska Handelsbanken AB NUF
9526;HANDNOKK;Svenska Handelsbanken AB NUF
9528;HANDNOKK;Svenska Handelsbanken AB NUF
9530;HANDNOKK;Svenska Handelsbanken AB NUF
9531;HANDNOKK;Svenska Handelsbanken AB NUF
9533;HANDNOKK;Svenska Handelsbanken AB NUF
9535;HANDNOKK;Svenska Handelsbanken AB NUF
9536;HANDNOKK;Svenska Handelsbanken AB NUF
9537;HANDNOKK;Svenska Handelsbanken AB NUF
9538;HANDNOKK;Svenska Handelsbanken AB NUF
9581;VVELNO21;Voss Veksel-og Landmandsbank
9590;ESSENO22;Skandinaviska Enskilda Banken AB (publ) 
9600;SASKNO22;Rogaland Sparebank
9602;LUNADK2C;Lunar Bank A/S
9650;SPTRNO22;SpareBank 1 SMN
9651;SPTRNO22;SpareBank 1 SMN
9652;SPTRNO22;SpareBank 1 SMN
9653;SPTRNO22;SpareBank 1 SMN
9654;SPTRNO22;SpareBank 1 SMN
9655;SPTRNO22;SpareBank 1 SMN
9656;SPTRNO22;SpareBank 1 SMN
9657;SPTRNO22;SpareBank 1 SMN
9662;SPTRNO22;SpareBank 1 SMN
9666;PRBONO22;Boligbanken ASA
9680;STFBNOKK;Storebrand Bank ASA
9685;HANDNOKK;Svenska Handelsbanken AB NUF
9686;HANDNOKK;Svenska Handelsbanken AB NUF
9687;HANDNOKK;Svenska Handelsbanken AB NUF
9688;HANDNOKK;Svenska Handelsbanken AB NUF
9701;DNBANOKK;DNB Bank ASA
9702;DNBANOKK;DNB Bank ASA
9703;DNBANOKK;DNB Bank ASA
9704;DNBANOKK;DNB Bank ASA
9705;DNBANOKK;DNB Bank ASA
9706;DNBANOKK;DNB Bank ASA
9707;DNBANOKK;DNB Bank ASA
9709;DNBANOKK;DNB Bank ASA
9710;DNBANOKK;DNB BANK ASA
9713;DNBANOKK;DNB BANK ASA
9722;DNBANOKK;DNB BANK ASA
9723;DNBANOKK;DNB BANK ASA
9726;DNBANOKK;DNB BANK ASA
9727;DNBANOKK;DNB BANK ASA
9729;DNBANOKK;DNB BANK ASA
9731;DABANO22;Danske Bank
9735;DABANO22;Danske Bank
9741;DABANO22;Danske Bank
9745;DABANO22;Danske Bank
9747;DABANO22;Danske Bank
9750;ESSENOKX;Skandinaviska Enskilda Banken
9751;ESSENOKX;SEB AB, Oslofilialen
9752;ESSENOKX;SEB AB, Oslofilialen
9760;DABANO22;Danske Bank
9775;NDEANOKK;Nordea Bank  Abp, Filial i Norge
9801;DNBANOKK;DNB BANK ASA
9802;DNBANOKK;DNB BANK ASA
9803;DNBANOKK;DNB BANK ASA
9804;DNBANOKK;DNB BANK ASA
9805;DNBANOKK;DNB BANK ASA
9807;DNBANOKK;DNB BANK ASA
9808;DNBANOKK;DNB BANK ASA
9809;DNBANOKK;DNB BANK ASA
9810;DNBANOKK;DNB BANK ASA
9812;TEKONOK1;Eika digitalbank AS
9820;OBOSNOK1;OBOSBanken AS
9841;SPRONO22;SpareBank 1 Sør-Norge ASA
9850;SHEDNO22;SpareBank 1 Østlandet
9851;SHEDNO22;SpareBank 1 Østlandet
9852;SHEDNO22;SpareBank 1 Østlandet
9853;SHEDNO22;SpareBank 1 Østlandet
9855;SHEDNO22;SpareBank 1 Østlandet
9856;SHEDNO22;SpareBank 1 Østlandet
9857;SHEDNO22;SpareBank 1 Østlandet
9858;SHEDNO22;SpareBank 1 Østlandet
9859;SHEDNO22;SpareBank 1 Østlandet
9860;SHEDNO22;SpareBank 1 Østlandet
9861;SHEDNO22;SpareBank 1 Østlandet
9862;SHEDNO22;SpareBank 1 Østlandet
9863;SHEDNO22;SpareBank 1 Østlandet
9864;SHEDNO22;SpareBank 1 Østlandet
9865;SHEDNO22;SpareBank 1 Østlandet
9866;SHEDNO22;SpareBank 1 Østlandet
9867;SHEDNO22;SpareBank 1 Østlandet
9880;SHEDNO22;SpareBank 1 Østlandet
9890;SHEDNO22;SpareBank 1 Østlandet
9895;SHEDNO22;SpareBank 1 Østlandet
9900;YABANOK1;Resurs Bank AB NUF
9902;YABANOK1;Resurs Bank AB NUF
9903;YABANOK1;Resurs Bank AB NUF